,0
0,사랑
1,안녕
2,더
3,아프다
4,같다
5,이미
6,있다
7,이별
8,나르다
9,만들다
10,노래
11,끝
12,슬프다
13,다시
14,생각
15,척
16,아니다
17,배우다
18,않다
19,늘
20,더디다
21,서두르다
22,오다
23,거리
24,눈물
25,짓다
26,원래
27,결국
28,그땐
29,없다
30,바람
31,불어오다
32,붉다
33,불다
34,혼자
35,솔직하다
36,끝내
37,말
38,자리
39,돌아오다
40,상처
41,받다
42,너무
43,두다
44,여전하다
45,가끔
46,우연히
47,만나다
48,그냥
49,모르다
50,지나가다
51,지우다
52,끝나다
53,사랑
54,말
55,왜
56,이별
57,생각
58,맘
59,다시
60,밤
61,시간
62,못
63,이제
64,마음
65,보고
66,오늘
67,기억
68,혼자
69,그때
70,끝
71,눈물
72,곁
73,모습
74,하루
75,추억
76,또
77,모든
78,정말
79,혹시
80,서로
81,그날
82,지금
83,처음
84,매일
85,가슴
86,세상
87,꼭
88,순간
89,바람
90,자꾸
91,하나
92,잠
93,항상
94,햇살
95,멀리
96,그게
97,그냥
98,후회
99,다른
100,전부
101,노래
102,그땐
103,잡고
104,사이
105,소리
106,남아
107,만큼
108,꿈
109,노력
110,사실
111,조금
112,마지막
113,늘
114,준비
115,바보
116,그녀
117,술잔
118,자꾸만
119,반짝
120,약속
121,이해
122,상처
123,가끔
124,옆
125,점점
126,글자
127,얼굴
128,귓가
129,자리
130,크리스마스
131,아주
132,제발
133,얼마나
134,행복
135,하늘
136,만난
137,가득
138,얘기
139,안녕
140,그리움
141,미소
142,심장
143,겨우
144,향
145,슬픔
146,거리
147,목소리
148,일상
149,거짓말
150,이유
151,어제
152,누군가
153,종일
154,만날
155,마치
156,영화
157,이상
158,번호
159,마주
160,오직
161,고백
162,이름
163,지나
164,때문
165,별
166,탓
167,설레임
168,언제
169,걱정
170,보기
171,빛
172,입술
173,앞
174,숨
175,잠시
176,그대로
177,소식
178,한번
179,흔적
180,아픔
181,그늘
182,시절
183,온기
184,문득
185,먼저
186,어딘가
187,한참
188,의미
189,걸음
190,겨울
191,얘길
192,예전
193,거릴
194,손길
195,이제야
196,선물
197,안부
198,술
199,달라
200,보이지
201,가기
202,취해
203,영원
204,위해
205,변명
206,진심
207,눈빛
208,눈치
209,제일
210,눈앞
211,지난
212,대답
213,사진
214,현실
215,외치
216,밤하늘
217,부담
218,부디
219,아이
220,여름
221,행동
222,겁
223,기적
224,고민
225,인사
226,밥
227,미련
228,반대
229,하루하루
230,뒷모습
231,어쩌면
232,집
233,골목
234,어둠
235,아래
236,밀면
237,표현
238,대체
239,외면
240,그간
241,기도
242,말투
243,미래
244,억지로
245,가도
246,꽃
247,풍경
248,계절
249,가장
250,웃음
251,계속
252,깨달
253,봄
254,온종일
255,시작
256,뒤척
257,온통
258,정도
259,서랍
260,바다
261,고생
262,번만
263,사람과
264,헤어
265,몰래
266,수고
267,이번
268,아침
269,발걸음
270,내일
271,드라마
272,한순간
273,맘속
274,내게로
275,전화
276,한단
277,행여
278,잘못
279,멍하니
280,조그만
281,누구
282,창
283,밖
284,무한
285,방향
286,스산
287,대화
288,둘이서
289,당신
290,습관
291,팔이
292,갈수록
293,당장
294,피어
295,미움
296,너뿐이
297,이야기
298,가까이
299,보지
300,구름
301,품속
302,차라리
303,머리
304,길이
305,공백
306,홀로
307,주저
308,아쉬움
309,한마디
310,조심
311,일어나고
312,꽃처럼
313,봄바람
314,요즘
315,첫사랑
316,아파해
317,자랑
318,무슨
319,절대
320,기회
321,평생
322,전해
323,바랬어
324,수백
325,마저
326,미안
327,한지
328,잠깐
329,실수
330,벌써
331,용서
332,혼잣말
333,듣기
334,하필
335,포장마차
336,한잔
337,맴
338,밤새
339,다짐
340,별일
341,비틀
342,취한
343,어깨
344,우산
345,팔
346,힘껏
347,주머니
348,가지
349,한마딜
350,일로
351,각오
352,숙제
353,담배
354,욕심
355,바랬던
356,원래
357,번은
358,법
359,만약
360,위로
361,일요일
362,오후
363,자신
364,빈자리
365,거기
366,발자욱
367,창문
368,힘
369,대신
370,숲
371,공기
372,문틈
373,문
374,아침햇살
375,대가
376,다음
377,번의
378,훗날
379,포기
380,이후
381,인연
