가수명,노래제목,발매일,장르,가사,좋아요수
V.O.S,잘 살고 있다,2019.12.02,발라드,한잔 술에 잊자 그만나도 숨 좀 쉬자 제발마치 주문처럼매일 읊조렸던넌 모르는내 슬픈 혼잣말친구들 통해 들은 네 소식너무 잘 살고 있어날 만날 때보다 더너는 없었지만억지로 삼킨 밥들이친구가 되어줬던 술이겨우 날 숨 좀 쉬게 해많이 잊었어 이제네 얼굴도 까마득해잘 살고 있다 너처럼두려워 듣기 싫던 네 소식막상 듣게 되니 또이별한 듯이 아파너는 없었지만억지로 삼킨 밥들이친구가 되어줬던 술이겨우 날 숨 좀 쉬게 해많이 잊었어 이제네 얼굴도 까마득해잘살고 있다 너처럼너 없는 많은 밤들이혼자 버틸 날들이아직 너무 많은데가끔은 너 철없던나의 장난에입꼬리 올라가던그 미소가 그리워가진 건 없지만널 가진 게 전부였어그래서 무너졌나 봐너밖에 없었으니까언젠간 나도 나만사랑해줄 사람 만나잘 살고 싶다 너처럼나도 그럴 수 있을까,"38,511"
주보라,네가 없다 (Without You),2013.02.19,발라드,서툰 작별이었는지 아련한 슬픔 속에 눈물이멈추질 않아너무나 어렸던 걸까내 이기적임에 너를보내고 말았던 걸까우리 헤어지자고 말한지딱 하루 뒤 잠깐의 실수였단 걸뒤늦게 깨달아버린 순간아침마다 듣던 네 목소리따스한 네 품이 벌써그리운 내가 싫어져바보처럼 너를 버린 내가 왜 이제와서 눈물을 흘리는지내 마음을 알 수 없는게 더 아파서툰 사랑이었을까 나 항상 너에게 없는사람처럼 느껴질때가 많았어우리 헤어지자고 말한지딱 하루 뒤 잠깐의 실수였단 걸뒤늦게 깨달아버린 순간아침마다 듣던 네 목소리따스한 네 품이 벌써그리운 내가 싫어져바보처럼 너를 버린 내가 왜 이제와서 눈물을 흘리는지내 마음을 알 수 없는게 더 아파이미 뱉어버린 작별인사 안에서우리 사랑했던 그 기억들만아침마다 듣던 네 목소린 이제어제처럼 오늘도 나에게널 사랑한다 할 것만 같은데들리지 않아바보처럼 너를 버린 내가 왜 이제와서 눈물을 흘리는걸까내 마음을 알 수 없는게 더 아파,"2,949"
휘인 (Whee In),헤어지자 (Prod. 정키),2019.09.04,발라드,그럴 수도 있지 생각했어잊어 보려 했어지난 날의 모든 걸 노력했어다시 시작해 보려고 했어내겐 너 아니면 안 되는 걸 아니까정말 그랬어쉽게 잊혀지진 않았어누구도 그랬을 거야아무렇지 않진 않아도이렇게까지 힘이 드는 건널 처음 만나설레었던 기억들이꼭 어제처럼선명해서 지워지질 않아내가 알던 네 모습도 이젠거짓말 같아서믿을 수 없는 걸헤어지자어떻게 네가 그럴 수 있어마치 내게 했던 말이 무색해지게다 끝인 거야쉽게 꺼낸 말은 아니야누구도 그랬을 거야아무렇지 않진 않아도이렇게까지 힘이 드는 건널 처음 만나설레었던 기억들이꼭 어제처럼선명해서 지워지질 않아내가 알던 네 모습도 이젠거짓말 같아서믿을 수 없는 걸다 없었던 기억처럼널 지울 수 있게아무 말도 하지 말아 줘왜 바보처럼네가 했던 그 모든 말들을난 믿었는데어떻게 다 잊으라는 건지내가 알던 네 모습도 이젠거짓말 같아서처음 만나 함께한 모든 게헤어지자이제 우리,"115,651"
헤이즈 (Heize),비가 오는 날엔 (2021),2021.08.04,발라드,세상이 어두워지고조용히 비가 내리면여전히 그대로오늘도 어김없이 난벗어나질 못하네너의 생각 안에서이제 끝이라는 걸 알지만미련이란 걸 알지만이제 아닐 걸 알지만그까짓 자존심에널 잡지 못했던 내가조금 아쉬울 뿐이니까비가 오는 날엔 나를 찾아와밤을 새워 괴롭히다비가 그쳐가면 너도 따라서서서히 조금씩 그쳐가겠지취했나 봐그만 마셔야 될 것 같애비가 떨어지니까나도 떨어질 것 같애뭐 네가 보고 싶다거나그런 건 아냐다만 우리가 가진 시간이 좀날카로울 뿐참 좋아했었던 이런 날이면아직 너무 생생한기억을 꺼내놓고추억이란 덫에일부러 발을 들여놔벗어나려고 발버둥조차치지 않아이제 너를 다 지워냈지만모두 다 비워냈지만또다시 비가 내리면힘들게 숨겨놨던너의 모든 기억들이다시 돌아와 널 찾나 봐비가 오는 날엔 나를 찾아와밤을 새워 괴롭히다비가 그쳐가면 너도 따라서서서히 조금씩 그쳐가겠지너에게로이젠 돌아갈 길은 없지만지금 행복한 너를 보며난 그래도 웃어볼게널 잡을 수 있었던힘이 내겐 없었으니까어차피 끝나버린 걸 이제 와어쩌겠어뒤늦게 후회나 하는 거지덜 떨어진 애처럼비는 항상 오니까계속 반복되겠지그치고 나면 그제서야나도 그치겠지비는 항상 오니까계속 반복되겠지그치고 나면 그제서야나도 그치겠지,"73,204"
스트레이 (The Stray),"그냥, 묻고 싶었어",2021.08.04,발라드,외로운 내 마음의 불꽃은아픔으로 가득 찬 과거를 불태워차디찬 이곳에서 벗어나게 해줄 거야네가 닿지 않는 곳으로아마도 기억 못 했으면 좋겠어그래도 난 네가 밉지 않아다음 눈이 세상을 덮을 때쯤엔네게 꼭 물어볼 게 있어나를 사랑했을 때 넌 행복했었니네가 볼 때 나는 좋은 사람이었니다시 함께 할 수는 없겠니혹시라도 말이야그냥 묻고 싶었어아마도 기억 못 했으면 좋겠어그래도 난 네가 밉지 않아다음 눈이 세상을 덮을 때쯤엔네게 꼭 물어볼 게 있어나를 사랑했을 때 넌 행복했었니네가 볼 때 나는 좋은 사람이었니다시 함께 할 수는 없겠니혹시라도 말이야그냥 묻고 싶었어,"1,759"
정키,부담이 돼 (Feat. 휘인 Of 마마무),2017.03.08,발라드,더는 할 말이 없어다른 이유도어떤 변명도 난의미 없단 걸 알아끝이란 게 다 그렇잖아더는 물어보지 마언제부턴지왜 그런 건지 난그저 함께한 이 모든 게힘들었다고 말하잖아니 품에 안기던그날 밤에도입을 맞추던그 순간에도 나에게그 모든 게더는 너에게 말할 수 없는상처로 남아내겐 그 모든 게 다부담이 돼그렇게 내게말하지 마나도 내 맘을 어쩔 수 없는 걸오늘까지도 많이 힘들었단 걸너는 알고 있잖아니 품에 안기던그날 밤에도입을 맞추던그 순간에도 나에게그 모든 게더는 너에게 말할 수 없는상처로 남아내겐 그 모든 게 다처음엔 나도아무렇지 않았어깊어지면 질수록너에 품에서 문득끝이라는 게 너무 두려워서애써 괜찮은 척만또 난니 품에 안기던그날 밤에도입을 맞추던그 순간에도 미안해이해해줘더는 너에게 말할 수 없는그 모든 것이 내겐부담이 돼마주하는 지금에도 난니 품에 안기던그날 밤에도입을 맞추던그 순간에도 미안해이런 나를 이해해줘쉽지 않을 걸 알지만더는 할 수 없는 걸이 모든 게,"134,027"
나비 (Navi),잘 된 일이야,2011.01.19,발라드,Hello Hello Hello Hello HelloDon't cry Don't cry Don't cryDon't Hello가슴이 널 안 놔줘아무리 떼어내도계속 너를 잡고 안 놔줘아무리 잘라내도먼저 뒤돌아설 거면서왜 사랑하게 해눈물이 대체 무슨 죄야차라리 잘 됐어잘된 일이야아프게 상처만 줄 너라면더 힘들기 전에미워지기 전에지금이 좀 더 나을지도 몰라가슴아더 사랑하지 말아줘난 웃고 싶은데너를 잊고 싶은데내가 보내줄게잘 가라 내 사랑아아파도 웃으며 안녕질리지도 않나봐한없이 생각이 나정말 마르지도 않나봐한없이 눈물이 나결국 떠나 버릴 거면서왜 보고 싶게 해두 눈이 대체 무슨 죄야차라리 잘 됐어잘된 일이야아프게 상처만 줄 너라면더 힘들기 전에미워지기 전에지금이 좀 더 나을지도 몰라가슴아더 사랑하지 말아줘난 웃고 싶은데너를 잊고 싶은데내가 보내줄게잘 가라 내 사랑아아파도 웃으며 안녕Hello Hello Hello Hello HelloDon't cry Don't cry Don't cryDon't Hello괜찮아 사랑아나를 떠나도 웃으며 널 놓아줄게다 줬으니 됐어그냥 그걸로 됐어아마 언젠가는나의 곁이 그리워너도 아파 올 거야우는 날이 올 거야(가슴아)(더 사랑 하지 말아줘)난 웃고 싶은데(너를 잊고 싶은데)(내가 보내줄게)(잘 가라 내 사랑아)슬퍼도 웃으며 안녕,"42,204"
펀치 (Punch),안녕 내 전부였던 너,2021.03.10,발라드,안녕 안녕이제 인사를 해야지너와 나의 이별인데아니 아니나는 그게 안될것 같아너를 보내는 일영활보고 밥을 먹는 일도손을 잡고 거릴 걷는 일도앞으로는 혼자란 사실에그게 나를 울게 만드는걸안녕 내 전부였던 너사랑해 너라서 난 좋았어다신 너 같은 사람만날수 없을거야 잘가고마워사실 사실너도 많이 힘들었겠지이별을 말하기조금만 더 참을순 없었니한번만 더 기횔 줄 순 없니너에게 난 말하지 못했어좋은 기억 마저 사라질까봐안녕 내 전부였던 너사랑해 너라서 난 좋았어다신 너 같은 사람만날수 없을거야 잘가고마워너무 아파서 소리도 낼 수 없어너를 어떻게 나 잊겠니제발 이 말만 듣고 가진심을 다해 사랑했단 말잊으라는 건 못해난 그냥 이게 편해 미안내 사랑,"14,131"
펀치 (Punch),Done For Me,2019.08.18,발라드,지울게 너에게 남겨줬던 추억까지도바랄게 너와의 기억도 남지 못하게더는 다가갈 수 없어 네게이런 마음이 너무 두려워너의 기억 모두 가져가 줘다 지워줘done for me깨끗이 지워질 수 있을까널 벗어날 수 있을까사랑했던 기억도다 비워낼 수 있을까더 이뤄질 수는 없어난 다가갈 수 없어미친 듯이 뛰어가너 없는 곳에 가사랑은 갔고남겨진 추억들은 아팠고네가 내게 남겨줬던기억은 가시가 됐고다 사라졌으면 해모두 지워졌으면 해나 쉴 수 있게 널떠날게 가질 수 없는너란 걸 알고 있어보낼게 너와의 기억 모두 다 버릴게더는 다가갈 수 없어 네게이런 마음이 너무 두려워너의 기억 모두 가져가 줘다 지워줘done for me나의 기억에서 떠나가줘너의 추억들도 가져가 줘지워줘 너의 그리움까지도그리워도 그립지는 않게모든 순간들을 잊어볼게 다 잊을게너의 작은 흔적까지도지울게 너에게남겨줬던 추억까지도바랄게 너와의 기억도 남지 못하게더는 다가갈 수 없어 네게이런 마음이 너무 두려워너의 기억 모두 가져가 줘다 지워줘done for me너를 떠날 수밖에멀어질 수밖에 없으니까이런 나를 제발 용서해줘언젠가는 우리 다시 만날 수 있기를done for medone for me,"100,916"
펀치 (Punch),이 밤의 끝,2018.05.31,발라드,널 보면 나와 달라이렇게 난 네 생각뿐인데널 사랑했던 만큼 아파야 하는 걸까난 이 밤의 끝을 잡고 잠 못 드네차가웠던 시간이 다 지나가면따스한 저 햇살들이날 비춰 줄까결국 우린 끝난 사이라 하지만돌아올 것만 같았어널 보면 나와 달라왜 나만 또 네 생각뿐인데끝이 보이지 않던 슬픔이 잦아들면난 이 밤의 끝을 잡고 잠이 드네네가 날 떠나고 후회한 나잖아지금 넌 아무렇지 않을까그 차가운 바람이 불어오는 게난 무서워다시 안을 수 있다면 난 다 할 텐데너 없는 밤 아프게 지워가지만내 맘은 널 그리워해널 보면 나와 달라누가 그래 넌 나와 같다고끝이 보이지 않던 슬픔이 잦아들면난 이 밤의 끝을 잡고 잠 못 드네I'll always be with you all night함께 했던 추억뿐이지만난 이제 너를 모두 지울래내 맘이 너무 아파서널 보면 나와 달라아직도 난 널 사랑하나 봐그래 너라도 정말 행복하면 좋겠어난 이 밤의 끝을 잡고 잠 못 드네째깍 째깍 초침 소리시간은 또 흐르는데넌 어디에 있니,"47,764"
전상근,너무 보고싶어,2021.07.25,발라드,혼자 이별을 하고가버리면 난 어떡하라고너 없는 하루를 살아보고너 없는 채로 잠들어본다잊을 수 있다고 다짐을 해 보고다 잊은 척 웃어도 보고별일 아닌 듯 혼자 영화도 보고너의 빈자릴 채워 본다가끔 보고 싶어 견디기 힘들면나 하루 종일 너를 찾아 헤매보고손잡고 걷던 거리에 우두커니 서서혹시 니가 올까 가슴 설레 본다잘 살 수 있다고 다짐을 해 보고태연한 척 웃어도 보고드라마처럼 혼자 취해도 보고널 잊으려고 하면 할수록너무 보고 싶어 견디기 힘들어비틀거리며 너를 또 찾아 헤매고나란히 걷던 이 길에 나만 혼자남아 눈물 삼키면서 너를 기다린다날 그토록 사랑해주던너란 사람은 어디까지 간거니너무 보고 싶어 견디기 힘들어오늘따라 난 니가 너무 보고 싶어나 술에 취한 채 추억에 취한 채비틀거리면서 너를 기다린다다시 너를 기다린다,"18,720"
장범준,잠이 오질 않네요,2020.10.24,발라드,당신은 날 설레게 만들어조용한 내 마음 자꾸만 춤추게 해얼마나 얼마나 날 떨리게 하는지당신이 이 밤을 항상 잠 못 들게 해매일 같은 밤 너를 생각하면서유치한 노랠 들으며심장이 춤을 추면서오오 난 너를 기다리면서유치한 노랠 부르며심장이 춤을 추면서 워나를 떨리게 하나요그대 왜 나를 설레게 하나요 자꾸만오늘도 잠 못 이루는 이 밤아름다운 그대나를 아프게 하나요웃는 그대 왜 자꾸 설레게 하나요하염없이오늘 밤 잠이 오질 않네요보고 싶은 그대여당신이 날 힘들게 만들어갑자기 내 마음 자꾸만 멍들게 해얼마나 얼마나 잠 못 들게 하는지고요한 내 마음 항상 시끄럽게 해매일 같은 밤 너를 생각하면서유치한 노랠 들으며심장이 춤을 추면서워 난 너를 기다리면서유치한 노랠 부르며심장이 춤을 추면서 워나를 떨리게 하나요그대 왜 나를 설레게 하나요 자꾸만오늘도 잠 못 이루는 이 밤아름다운 그대나를 아프게 하나요웃는 그대 왜 자꾸 설레게 하나요하염없이오늘 밤 잠이 오질 않네요보고 싶은 그대여매일 밤 너를 생각하면서유치한 노랠 들으며심장이 춤을 추면서워오 난 너를 기다리면서유치한 노랠 부르며심장이 춤을 추면서 워나를 떨리게 하나요그대 왜 나를 설레게 하나요 자꾸만오늘도 잠 못 이루는 이 밤아름다운 그대여나를 아프게 하나요웃는 그대 왜 자꾸 설레게 하나요하염없이오늘 밤 잠이 오질 않네요보고 싶은 그대여,"159,019"
강고은,같은 시간 속 우린 여기까지인 거야,2021.07.24,발라드,어떻게 말을 꺼 내야 할까내 하루 속엔 없어 네가떨어지지 않는 내 마른 입술 끝에이 계절을 난 끝내려고 해갇혀버린 시간 속 연기처럼흩어져 기억 너머점점 멀어지는 우리내 마음이 고장 난 듯소리쳐도 들리지 않아넌 답을 원했고 난 줄 수가 없어같은 시간 속 우리는 여기까진 거야미안해 미워해 그냥 날 놓아줘맞지 않는 퍼즐 속 조각처럼흩어져 기억 너머점점 멀어지는 너를내 마음이 고장 난 듯소리쳐도 들리지 않아넌 답을 원했고 나는 줄 수가 없어같은 시간 속 우리는 여기까진 거야 미안해 미워해 그냥 날가끔은 울컥 쏟아지는 너를 참고차가운 말들로 돌아선이기적인 나는 상처만 주는 날들이기에내 사랑은 망가졌고네 마음도 듣지를 않아항상 답을 원했고 넌 줄 수가 없어같은 시간 속 우리는 여기까진 거야 미안해 미워해 미워해도 돼그만 날 놓아줘,"4,474"
권진아,끝,2016.09.19,발라드,한참을 아무 말도 없었다 어색한 공기만 우릴 감싸고 있다너는 고개를 돌린 채로한숨만 내쉰다내가 처음 보는 표정을하고 서있다차라리 화를 내지싫어졌다고 말을 하지마지막 순간까지좋은 사람으로 기억되고 싶었니내가 갈게애써 미안한 표정 하지마싫어진 거잖아 그래 널 떠나 줄게비겁해지는 널 보는 게 아파내가 갈게 널 보내줄게조금씩 넌 변했다매일 오던 연락 난 기다린다서운해 하는 날 보는 게 슬프다넌 여기까진가 봐 끝이었나 봐난 시작이었는데Oh 그냥 헤어지자고 내게 말을 하지마지막 순간까지좋은 사람으로 기억되고 싶었니내가 갈게애써 날 위하는 척 하지마넌 준비했잖아 그래 널 떠나줄게내가 몰랐던 널 보는 게 아파내가 갈게 널 보내줄게니가 없는 하루가사실 난 잘 그려지질 않아그렇게 말했었잖아내가 너의 행복이랬잖아나 없인 살 수 없을 거라고말했었잖아내가 갈게애써 미안한 표정 하지마싫어진 거잖아 이제 널 떠나줄게비겁해지는 널 보는 게 아파내가 갈게 널 보내줄게,"140,297"
빅마마,하루만 더,2021.06.24,발라드,하루만 더 우리 이별을늦춘다면 어땠을까그럴 일 없다는 걸 나는 알면서도아직 널 보낼 수가 없나봐한번만 나 이렇게 널 불러볼게오늘까지만 그리워할게끝이 보이지않아 내 사랑은가슴깊이 이별을 남기고새까맣게 흉터가 되어도또 다시 너를 그리워해내 전부인 널단 하루만 더 너를 사랑할게단 한순간도 못 잊어너 없는 세상이너무나 아파서 무너져가다시 돌아와줘시간에 기대어 애써봐도이별은 왜 계속 선명해질까잘 지내란 인사 못할 것 같아오늘까지만 눈물 흘릴게 oh혼자 남은 내 맘을 이해해줘네 흔적이 그대로 남아서내 입술이 추억을 부르고여전히 너를 사랑한다내 전부인 널단 하루만 더 너를 사랑할게단 한순간도 못 잊어너 없는 세상이너무나 아파서 무너져가다시 돌아와줘시간에 기대어 애써봐도이별은 왜 계속 선명해질까우리의 이별 끝에아직도 서있어지금도 네게 하고 픈 말뜨겁게 널 사랑한다고단 한순간도 못 보내너 없는 세상이너무나 아파 목이 메어와정말 끝난거니참 행복했었던 그때 우린추억마저 사라지고 있잖아,"58,503"
그리즐리 (Grizzly),달라,2017.09.21,,니가 나와 다르다는 걸인정하는 것과는 달라현실에 안주하려는 너와낭만적인 삶을 살길 원하는 나내가 다른 남자들처럼Smart 하고 Gentle 하길원하는 너But난 비가 와도 비를 맞으며나와 함께 걸어줄 여자가 필요 한 나넌 춤추길 원하고난 천천히 걷기를 원하지우린 다른 분위기를 가졌고여태까지 그걸 몰랐어넌 춤추길 원하고난 천천히 걷기를 원하지우린 다른 분위기를 가졌고여태까지 그걸 몰랐어도대체 우리가 왜 여기까지오게 된 것 같아너와 난 달라 달라달라 달라밤새 비를 맞으며나 홀로 강을 거닐 때도너와 난 달라 달라달라 달라도대체 왜너와 난 달라 달라 달라 달라도대체 왜너와 난 달라 달라결국 똑같애길거리에 파는 Neckless원치 않아 Big diamond사랑이란 단어와 가치관을나누기엔너무 애매해진 우리 사이에밝은 빛을 볼 수 있을까우린 어디까지 온 걸까그래 내 말을 더 이상 믿지 않아도 돼근데 대화를 나눠버렸어 헤밍웨이그저 자그마한 이해를 바랄 뿐결국 우리 대화는산을 넘어 Yellow Moon 위에사랑은 떼쓴다고 되는 게 아니잖어You know that더 이상 니 입술과 맞출 수 없는 나는 이미 막을 내렸을지도모르겠어 그냥 우린 달랐던 거야도대체 우리가 왜 여기까지오게 된 것 같아너와 난 달라 달라달라 달라밤새 비를 맞으며나 홀로 강을 거닐 때도너와 난 달라 달라달라 달라우리가 매일 걷던 그 거리도더 이상 생각이 안 나우리가 매일 입 맞췄던 그 거리도생각이 안 나,"11,082"
황인욱,이별주,2019.11.01,발라드,오늘이 지나면 널 지워야겠지흔들리는 이 술잔이너의 마음 같아서아무 말 안 해도 난 알 수가 있어오늘 넌 이별을 말할 것 같아하필 왜 이 포장마차니우리 처음 만났던 이 자리에서왜 눈물 나게 해이 술잔을 마시고 나면넌 이별을 말할 것만 같아제발 이러지 마 나를 떠나지 마다 소용없는 거잖아이 술잔을 마시고 나면너 혼자만 끝인 거잖아 우리가왜 헤어져야 해이 술잔을 비우지 마 제발하필 왜 이 포장마차니우리 매일 만났던 그 자리에서왜 눈물 나게 해이 술잔을 마시고 나면넌 이별을 말할 것만 같아제발 이러지 마 나를 떠나지 마다 소용없는 거잖아이 술잔을 마시고 나면너 혼자만 끝인 거잖아 우리가왜 헤어져야 해이 술잔을 비우지 마 제발이 한잔의 술잔을 마시면 난너 없이 살아갈 수 있을까이제 우린 남이 되겠지이 술잔을 마시고 나면이 한잔에 끝낼 거라면넌 사랑을 말하면 안 되잖아그때 왜 그랬어 날 왜 사랑했어어차피 남이 될 거잖아이 술잔을 마시고 나면너 혼자만 끝인 거잖아 우리가왜 헤어져야 해이 술잔을 비우지 마 제발,"60,815"
사이로(415),우리 둘 사이로,2019.08.29,발라드,Forget me close your eyesForget me close your eyes돌아보지 않을 거야 나 이제Forget me close your eyesForget me close your eyes돌아보지 않을 거야 나 이제Forget me close your eyesForget me close your eyes wooleak out 우리 둘 사이로아무렇지 않을 너는이 맘 알고 있을까두려워널 보낼 때가 돼버린 걸까 이제매일 헤매이는 밤잠들 때마다 미워지지만 괜찮아하루에도 난 수백 번 고민해너 없을 때에도그날 너에게 전할 얘기가나를 자꾸 괴롭히는 걸내일이면 다 지워버려야지 이젠이번에는 널 다 잊을 수 있을까Forget me close your eyesForget me close your eyes돌아보지 않을거야 나 이제Forget me close your eyesForget me close your eyes wooleak out 우리 둘 사이로네가 없는 나의 하루는 어떨진 몰라근데 자꾸만 내 맘이 조금씩나도 모르게 흘러가는 걸그저 서롤 힘들게굴지 않아도 되는 날에행복하길 바래하루에도 난 수백 번 고민해같이 있을 때에도지금 너에게 전할 얘기가너를 더 아프게 하는 걸까내일이면 다 지워낸 뒤겠지 이젠이번에는 널 다 잊을 수 있을까Forget me close your eyesForget me close your eyes돌아보지 않을 거야 나 이제Forget me close your eyesForget me close your eyes wooleak out 우리 둘 사이로그날이 그립겠지만잊을 수 없게 됐지만이제 돌이킬 수 없는 날이 됐지만같은 시간 속 우린 다른 하룰그리워하며 흘러가겠지I just wanna get away with itForget me close your eyesForget me close your eyes같이 나눈 그 순간은눈 감으면 잊혀질까Forget me close your eyesForget me close your eyes wooleak out 우리 둘 사이로,"5,997"
이우,내 안부,2019.07.16,발라드,내 소식 들었지 너와 헤어지고참 많이 울고 힘들게 버티다이해심이 많은 좋은 사람을만나서 나는 잘 지내고 있어그런데 이상해아직 넌 힘들어한다는얘길 전해 들으니 네가 좀 걱정돼그녀에게 미안하지만 자꾸네가 생각나어떻게 지내 네 안부 참 궁금한데날 잊고 행복하길 바랬는데예쁜 사랑 하기를 바랬는데잘해주지 못한 날 왜 잊지 못하니들려오는 너의 안부못 들은 척 지나갈걸그게 안돼지금 여자친구힘들 때 내 곁으로 와너의 기억을 하나씩 지워줬어 고맙게나는 나쁜 놈인 가봐고작 너의 안부에가슴이 뛰고 왜 눈물이 나는 건데날 잊고 행복하길 바랬는데예쁜 사랑 하기를 바랬는데잘해주지 못한 날 왜 잊지 못하니들려오는 너의 안부못 들은 척 지나갈걸헤어짐을 말한 너를 미워도 하고후회하며 지내기를 바랬어널 잊고 행복하게 잘 살았는데예쁜 사랑 다시 시작했는데다 잊었다 생각하고 지내왔는데들려오는 너의 안부에결국 무너졌어,"64,521"
MSG워너비(M.O.M),바라만 본다,2021.06.26,발라드,내가 너라면 다 알아볼 텐데널 위할 사람 찾아낼 텐데지난 오랜 시간 너의 그 곁을지켜온 나라는 걸내가 너였다면 참 행복할 텐데한 사람을 다 가졌으니까둔한 바보도 눈치챌 그 사랑을너만 왜 모르니너를 바라만 바라만 본다외쳐 네 이름만 부른다보고 싶은 맘에 너를 향한 그 발걸음네 곁을 맴도는데오늘도 그리고 그리워하다애써 참았던 눈물이 흘러그저 멀리서만 바라보다또 소리쳐 네가 보고 싶다네가 나라면 더 참 아팠을 텐데슬픈 역할은 내가 맡을게웃는 모습만 보이며 살아가 줘내가 볼 수 있게너를 바라만 바라만 본다외쳐 네 이름만 부른다보고 싶은 맘에 너를 향한 그 발걸음네 곁을 맴도는데오늘도 그리고 그리워하다애써 참았던 눈물이 흘러그저 멀리서만 바라보다 또 소리쳐네가 보고 싶다한 걸음 더 다가갈까더 가까이 네게 갈까 OH어제보다 더 내일 더 널 사랑해I’ll make you love me someday혼자 바라고 바라만 보다울컥 그리움이 솟는다바보 같은 맘에 하지 못한 그 한마디널 사랑한다는 말얼마나 그리고 그리워해야내 맘 너의 곁에 닿게 될까매일 하루 종일 너의 생각에 사무쳐너무 보고 싶다,"179,223"
전상근,오늘따라 더 미운 그대가,2021.06.13,발라드,조금은 괜찮다 생각했는데이제는 잊혀질 때도 됐는데아무렇지 않다가도 그대가 없단 게아직 나에겐 어색한 걸까벅차도록 행복했던 그때가 그리워서추억이 녹아든 거릴 혼자 걸을 때면자꾸만 눈앞에 그대가선명히 보이네요그댄 아직도 왜내 맘속에 살고 있나요지금 그대는 나 없이도 행복하나요조금은 그대도 나처럼 아프긴 하나요아직 난 이별이 서투네요하나도 괜찮지가 않네요오늘따라 더 미운 그대가너무 보고 싶죠지워보려 애를 쓰고 아무리 외면해도추억은 더욱 아름답게 짙어져 가네요견뎌온 시간만큼더욱더 아픔이 커지네요그댄 아직도 왜내 맘속에 살고 있나요지금 그대는 나 없이도 행복하나요조금은 그대도 나처럼 아프긴 하나요아직 난 이별이 서투네요하나도 괜찮지가 않네요오늘따라 더 미운 그대가너무 보고 싶죠달랠 길 없는 이 마음을 어떡하나요난 아직도 그댈 사랑하는데지금 그대는 이런 나를 알고 있나요하루하루를 추억 속에 살고 있네요아직 난 모든 게 서투네요괜찮지가 않아요오늘따라 더 미운 그대가너무 보고 싶죠오늘따라 행복할 그대가너무 미워요,"25,817"
윤토벤,서툰 이별을 하려해 (Feat.전상근),2019.08.01,발라드,우리 이제 헤어지기로해 너도 알잖아 우린 충분했다는걸이별이 무서워 자꾸 피해보지만 이젠 정말 끝인걸우리 사랑이 우리 추억이 이젠 끝나가지만 함께한 기억은 내가 다 가져갈게끝이란걸 알지만 끝이라고 안할게 내눈에 비친 네 모습이 날 나쁘게 만들어나 이제 너와 서툰이별을 하려해 많이 아프겠지만 이제 정말 헤어지려해 가끔 혼자 견디기 힘들어 나도 몰래 널 부르게되면 그냥 지나쳐줘 서툰이별이라서 그래혹시 그때의 서로를 조금더 이해했더라면 우린 조금은 달라졌을까이제와서 이러는 내가 너무 이기적인가봐 내눈에 비친 네 모습이 날 나쁘게 만들어나 이제 너와 서툰이별을 하려해 많이 아프겠지만 이제 정말 헤어지려해 가끔 혼자 견디기 힘들어 나도 몰래 널 부르게되면 그냥 지나쳐줘 서툰이별이라서 그래우리의 최선은 여기까지인거같아 수고많았어 이젠 널 보낼게 같은 추억속에 우리를 이젠 보내줘야해 애써 그냥 웃으며 아무렇지 않게 널 보낼게우리 이제 정말 이별을 하려해 많이 아프겠지만 많이 힘들겠지만 혹시 우리가 다시 만나게 되는 날이 다가오면 그땐 꼭 안아줘 많이 보고싶었다고 말해줘,"81,227"
허각,흔한 이별,2018.11.28,발라드,매일 집으로 돌아가는 익숙한 골목 거리 사이불어온 볼 스치는 차가워진 이 바람을 따라걷다가 네 생각이 나 잘 지내니많이 바쁘게 지냈나 봐 너 없는 하루가 왜 그리느리게만 가는지 했던 게 어제 일만 같은데어느새 까맣게 잊고 살았나 봐이 계절이 널 기억하고 있나 봐우리가 헤어진 게 이맘때였어그때는 왜 그렇게 세상을 다 잃은 것만 같던지지나 지나고 보니흔한 이별인 듯 살아져너도 나처럼 어느새 잊었을까참 사랑했었던 애틋했던 우리 사이 이젠남들과 같나 봐지나보니 알 것 같아 다 내 잘못이었다는 걸들릴 듯 말 듯하게 나 혼잣말로 미안했다며별일은 없는지 너를 불러봐이 계절이 널 기억하고 있나 봐우리가 헤어진 게 이맘때였어그때는 왜 그렇게 세상을 다 잃은 것만 같던지지나 지나고 보니흔한 이별인 듯 살아져너도 나처럼 어느새 잊었을까참 사랑했었던 애틋했던 우리 사이 이젠남들과 같나 봐생각보다 많이 무뎌진 것만 같아서조심스레 괜찮다 말해볼 스치는 바람 따라 살며시 너를 싣고서이젠 보내줄래,"81,840"
포맨 (4MEN),눈 떠보니 이별이더라,2017.10.24,발라드,분명 나는 꿈을 꾼 거다눈 떠보니 이별이더라휴대폰을 확인해 봤더니다시 봐도 이별이더라헛웃음만 흘러나왔고두 다리는 풀려 버렸고문득 스친 네 얼굴 생각나 눈물이하염없이 쏟아지는데대체 무슨 짓을 한 건데엎질러진 물에난 젖은 채로 꼼짝 못하고그 수많은 이별 뒤에도넌 분명히 사랑이었다 정말내 옆에 있었잖아 늘 여기 있었잖아네가 날 떠나가면 그냥 가버리면이런 식이면 나 곤란한데눈 떠보니 이별이더라이건 절대 현실이 아니야눈 감으면 꿈이 될 거야애써 부정해봐도 이별이 맞잖아눈물마저 말라버리고네 이름만 중얼거리고움직이지 못하고웅크린 채 너만 외치고 그 수많은 이별 뒤에도넌 분명히 사랑이었다 정말내 옆에 있었잖아 늘 여기 있었잖아네가 날 떠나가면 그냥 가버리면이런 식이면 나 곤란한데꿈만 같던 사랑도다 이별하면 현실이야알람 하나 없이 깨어나한 번만 더 기회를 줘다시 하면 잘할 텐데내가 바보 같아 화가 나참을 수가 없다그 수많은 이별 뒤에도당연하게 이별이 온다 정말가슴을 찢어 놔도 네가 날 짓밟아도나 아닌 딴 사람과 평생 사랑해도나는 너 아니면 곤란한데평생 나는 너 아니면 안 되는데눈 떠보니 이별이더라,"115,681"
이소정,함께 했는데 이별은 나 혼자인 거야,2021.02.19,발라드,이젠 누군갈 만나는 게 난아직은 힘이 들것 같아다시는 믿고 싶지 않아왜 난 사랑을 하면 할수록뭐 그리도 어려운 건지홀로 남겨질 내게 또 미안해날 사랑한다며절대 안 떠나겠다며너를 많이 사랑했는데모든 걸 함께 했었는데이별은 나 혼자인 거야왜 이런 거냐고잠시 내가 미워진 거라면기다릴 수 있어 네가 돌아올 때까지날 놓지 말아 줘애써 날 위해주는 척하는너의 그 뻔한 표정에서네 맘의 끝을 봤어착각이길 바랐어이러지 말아 줘맘이 찢어질 것 같아너를 많이 사랑했는데모든 걸 함께 했었는데이별은 나 혼자인 거야왜 이런 거냐고잠시 내가 싫어진 거라면기다릴 수 있어 네가 돌아올 때까지날 놓지 말아 줘나만을 바라보겠단 너를 믿고네게 모든 걸 주고 사랑했었어그래 내가 널 보내야겠지내가 부족한 탓일까정말 많이 사랑했는데네 품에 안기고 싶은데다시 널 기다리는 내가참 비참해 보여다시 내게 돌아와 준다면나 울지 않을게그땐 내 곁에 있어줘날 놓지 말아 줘,"47,705"
이우,이별행동,2019.10.06,발라드,자꾸만 연락을 피하고 바쁘다며 약속을 미루고점점 변해가는 네 모습 무심한 말투 조금씩 넌 반대로 가고 있어다급했던 이별의 순간들 아직도 난 거짓말 같아서아름답게 웃던 네 모습 볼 수 없다고 생각하면 미칠 듯 아픈데 자꾸만 생각이나너무나도 사랑했었고 그런 내겐 전부였는데 이젠 너와 난 반대로 살고 있나 봐 사랑해 너밖에 없단 말 그 말 너무나도 그리워서 너를 보낼 수가 없나 봐 너를저 멀리 보이는 네 모습 웃고 있는 넌 잘 지냈나 봐찾아가지 말걸 그랬어 믿고 싶었는데 영화 같은 일 내겐 없나 봐 나를 다 잊은 거니너무나도 사랑했었고 그런 내겐 전부였는데 이젠 너와 난 반대로 살고 있나 봐 사랑해 너밖에 없단 말 그 말 너무나도 그리워서 너를 보낼 수가 없나 봐 행복해 보여 나 없이도 잘 지내는데 어떻게 난 널 잊고 살 수 있을까웃으며 내 품에 안긴 너 너의 모습이 죽을 만큼 그리워서 보낼 수가 없잖아 너를,"58,640"
김나영,널 미워하지 않길 (Prod. By 하동균),2016.12.30,발라드,그게 또 그래 이별이란 게생각과는 늘 다르게우리 좋았던 기억만전부 지우고 나타나그땐 또 그래 마음이란 게생각처럼 되질 않고우리 아프던 기억만 또전부 가지고 나타나마음에도 없었던 욕을 한참 퍼붓게 해날 미워하지 않길수 많은 밤도 잊지 않길우리의 기억들은빛나는 위로가 되기를우린 사랑했고아름다웠어그게 잘 안돼 널 잊는단 게생각 보다 쉽지 않아우리 사랑한 기억만 또자꾸 내 맘에 들어와한참 동안 아무 일없던 내 맘 힘들게 해아직 너는 내게 남아널 미워하지 않길수 많은 밤도 잊지 않길우리의 기억들은빛나는 위로가 되기를날 미워하지 않길기억의 끝에 왜 우린 서로가 왜 멈춰서사랑의 끝에 왜 우린 서로가 또 멈춰서이별의 끝에 왜 우린 서로가 왜 멈춰서우린 아파해야 하나날 미워하지 않길수 많은 밤도 잊지 않길우리의 기억들은빛나는 위로가 되기를날 미워하지 않길기억의 끝 그곳에 우린 멈춰서사랑했던 기억은 내게서만 달아나고어느 새부터 어쩌면 우린서로가 아닌 남이었을까우린 사랑했고 지금 우린 끝,"21,895"
다비치,마치 우린 없었던 사이 (Prod. 정키),2018.07.12,발라드,비 내리는 날 창가에 앉아서두르던 일상을 달래다울적해진 마음잡고 써 내려가다울컥 눈물만헤어진단 게 낯설기만 해하루하루를 그저 버티다가누군가 내게 네 얘길 물을 때면울컥 눈물만어두워지면 밤하늘을 헤매다잠시 잊었던 혼자라는 생각에밤새 뒤척이다네 생각에 잠 못 드는 날엔 그저 눈물만다른 사람을 만난다면그땐 꼭 바랄게나보단 너를 더 이해하길우리 뜨겁게 사랑했던 기억모두 다 지우고만난 적 없었던 것처럼Oh YouOh You마치 우린 없었던 사이어두워지면 밤하늘을 헤매다잠시 잊었던 혼자라는 생각에밤새 뒤척이다네 생각에 잠 못 드는 날엔그저 눈물만다른 사람을 만난다면그땐 꼭 바랄게나보단 너를 더 이해하길우리 뜨겁게 사랑했던 기억모두 다 지우고만난 적 없었던 것처럼그렇게 뱉어놓은 그 많은 말들은없어마치 우린 없었던 사이다른 사람을 만난다면그땐 꼭 바랄게나보단 너를 더 이해하길우리 뜨겁게 사랑했던 기억모두 다 지우고만난 적 없었던 것처럼Oh You마치 우린 없었던 사이,"50,059"
송하예,니 소식,2019.05.11,발라드,그때의 우리 사랑뜨겁고 치열했는데끝나보니 남는건 미움뿐몇번의 계절을 더보내야 괜찮아 질까미련이 듬뿍 남은 하루를 보내친구들과 통화에우연히 들은 니 소식다른 사랑을 시작해잘 지낸다고한땐 소중했었고많이 사랑했었던우리둘은 이젠 남이 됐고모르는 사람이야넌 완벽히 잊었나봐이렇게 넌 잘사는데괜한 걱정을 했나봐나만 힘든가봐너도 내 소식을전해 들었으면 좋겠어아직은 좀 힘들어 한다는미안한 마음갖고가끔씩 날 생각해줘그래야 내 맘이 좀편할거 같아니옆에 다른 사람있다는게 참 낯설어뭔지 모를 서운함은이기적인 거니한땐 소중했었고많이 사랑했었던우리둘은 이젠 남이 됐고모르는 사람이야넌 완벽히 잊었나봐이렇게 넌 잘사는데나만 끝을 미뤘나봐나만 그랬나봐솔직한 맘을 말하면좋은 사랑 안했으면 해가슴아프게 지내길 바랬어너는 행복하겠지많이 설레이겠지나 없이도 웃는 니 모습에이제야 실감이나넌 완벽히 떠났나봐확실히 날 떠났나봐난 니가 너무 미워져행복하지 말아줘잘지내지 말아줘좋은 사람 만나 다행이란말은 거짓말이야네 소식 들은 그날밤펑펑 울다가 밤을 샜어늦어버린걸 알지만어쩔수 없나봐,"195,082"
권진아,이별 뒷면,2018.02.02,발라드,좁은 골목길은 또 하염없이 멀어져마주앉은 탁자 반대편마저도뻗어봐도 맞닿을 수가 없어서내 맘 언제부턴가 긴 그늘을 드리워우리는 서로가 괜찮다 하는데완전히 돌아갈 수는 없는 걸감았다 떠보니 너무 멀리 와있어이제 이별 뒷면에 서있는 우리내게 넌 벅차도록 행복했던 꿈이제 마지막 장을 넘겨야겠어많이 아플 테지만언젠가는 해야겠지그대 이유 같은 거 찾는 얼굴 말아요우리는 충분히 할 만큼 했는걸그러니 더 아무 말도 말아줘그저 날 보면서 예전처럼 웃어줘이제 이별 뒷면에 서있는 우리내게 넌 벅차도록 행복했던 꿈이제 마지막 장을 넘겨야겠어많이 아플 테지만언젠가는 해야겠지후회하지 마요우리 같이 나눈 시간그 한 순간도의미 없는 날은 없었고또 다시 가도 너일 테니까이제내게 넌 벅차도록 행복했던 꿈이제 마지막 장을 넘겨야겠어많이 아플 테지만언젠가는 해야겠지고마웠어 여기까지,"58,835"
아이유,첫 이별 그날 밤,2010.12.09,발라드,멍하니 아무 일도 할 일이 없어이게 이별인 거니전화기 가득 찬 너와의 메시지만한참 읽다 읽다너의 목소리 마치 들린 것 같아주위를 둘러보면내 방엔 온통 너와의 추억투성이이제야 눈물이수고했어 사랑 고생했지 나의 사랑우리 이별을 고민했던 밤서로를 위한 이별이라고사랑했단 너의 말을 믿을게혹시 너무 궁금해혹시 너무 그리우면꼭 한 번만 보기로 해너의 뒷모습 사라질 때까지봤어 마지막이라서나 먼저 떠나면어깨 들썩여 우는내 뒷모습 싫어서수고했어 사랑 고생했지 나의 사랑우리 이별을 고민했던 밤서로를 위한 이별이라고사랑했단 너의 말을 믿을게혹시 너무 궁금해혹시 너무 그리우면꼭 한 번만 보기로 해좀더 예뻐져도 훨씬 더 세련되져도후회하지 마 나를 놓친걸누군가 딴 사람 만나면내게 들리도록 막 자랑해줘그때서야 끝낼게내게 돌아올지 모를너를 꿈꾸는 그 밤을할말 끝 안녕 내 사랑,"93,388"
스웨덴세탁소,우리가 있던 시간,2012.09.07,발라드,생각한다 지난 날들눈이 부시도록 아름다웠던사라진다 뜨겁게 안아주던네 손 끝 향기가들려온다 너의 그 노래가날 부르는 목소리가불러본다 서툴게 날 맴돌던내 기억 속 그 이름을짧은 하루라도 숨이 멎을 것 같아밀려오는 잔상들로미치도록 그리던 순간들로또 널 기다려본다흩어진다깊게 새겨졌던우리의 시간들이잡지 못해 작아진 뒷모습도이젠 닿을 수가 없잖아짧은 하루라도숨이 멎을 것 같아 밀려오는 잔상들로미치도록 그리던 순간들로또 널 기다려본다사라질 것 같던우리의 시간들이아직도 날 붙잡고한번만 더 너를 담게 된다면그 땐 놓지 않을게우릴 놓지 않을게,"26,461"
강민경 (다비치),사랑해서 그래,2019.02.27,발라드,잘 있니 잘 지내니나는 요즘 부쩍네가 보고 싶어그래 알아 너는 다신내가 보기 싫지 음왜 그리 겁이 났었는지영원한 사랑을 바라던 눈빛그게 난 숨이 막혔어그땐 어려서나밖에 몰랐었어미안해서 너무 미안해서돌아가지 못하는 이런 날 이해해나 다시 너를 만나면 또 같은 이유로분명 멀어질 걸 알고 있어참을 수밖에잊지 못해 어떻게 널 잊어보내지도 못하는 이런 날 알아줘바뀌지 않을 나라서또 같은 이유로우리 아파할 걸 알고 있으니괜한 투정에 웃어주던미운 말들을 안아주던너는 이젠 내 곁에 없는데혼자 이렇게널 놓칠 못하겠어미안해서 너무 미안해서돌아가지 못하는 이런 날 이해해나 다시 너를 만나면 또 같은 이유로분명 멀어질걸 알고 있어참을 수밖에잊지 못해 어떻게 널 잊어보내지도 못하는 이런 날 알아줘바뀌지 않을 나라서또 같은 이유로우리 아파할 걸 알고 있으니붙잡아줘 먼저 날 잡아줘많이 후회했었어 끝내 말 못해서마지막 너의 표정이 그 슬픈 얼굴이전부 나 때문인 걸 알기에참을 수밖에사랑해서 많이 사랑해서가늠하지 못하는 시간 지나가도그래도 변치 않는 건또 같은 이유로영원히 널 그리워할 것 같아,"32,144"
정효빈,처음이라서,2019.04.16,발라드,떨어질 줄 몰랐던 너의 품도잡은 손에 스치던 봄바람도떨리던 입맞춤도 맞춰 걷던 걸음도내겐 모두 처음이라서고된 하루 끝을 토닥여 준 것도작은 편지로 큰 눈물을 준 것도벚꽃과 여름바다 단풍과 함박눈이처음이라서 힘든가 봐나의 첫 사람이 내 첫사랑이 너라서처음이라서 유난히 아픈가 봐시간이 지나면 다 무뎌지는 날언젠가 오겠지그때까지만 더 아파해볼게누군가를 위한 노랠 부른 것도세상에 누군가를 자랑한 것도너를 떠올리는 게나를 떠올리는 일이 되는 게익숙해져 버려서나의 첫 사람이 내 첫사랑이 너라서처음이라서 유난히 아픈가 봐시간이 지나면 널 보며 웃는 날언젠가 오겠지그때까지만 더 아파해볼게사실은 겁이 나 이젠어딜 가도 너와의 추억만 있을까 봐그래도 처음이라힘든 거니까 더 아픈 거니까처음엔 다 그런 거니까고생했어 많이 행복했었어 너라서다 너라서 유난히 좋았나 봐시간이 지나면 먼 추억이 되어언젠간 웃겠지 참 좋았어 네가내 처음이라서,"58,756"
아이유,나만 몰랐던 이야기,2011.02.17,발라드,정말 넌 다 잊었더라반갑게 날 보는 너의 얼굴 보니그제야 어렴풋이 아파오더라새 살 차오르지 못한 상처가눈물은 흐르질 않더라이별이라 하는 게 대단치도 못해서이렇게 보잘것없어서좋은 이별이란 거결국 세상엔 없는 일이라는 걸알았다면 그때 차라리 다 울어둘 걸그때 이미 나라는 건네겐 끝이었다는 건나만 몰랐었던 이야기사랑은 아니었더라내 곁에 머물던 시간이었을 뿐이제야 어렴풋이 알 것만 같아왜 넌 미안했어야만 했는지내가 너무 들떴었나 봐떠나는 순간마저 기대를 했었다니얼마나 우스웠던 거니좋은 이별이란 거결국 세상엔 없는 일이라는 걸알았다면 그때 차라리 다 울어둘 걸그때 이미 나라는 건네겐 끝이었다는 건나만 몰랐었던 이야기,"110,811"
윤하 (YOUNHA),오늘 헤어졌어요,2009.12.11,발라드,새하얀 머플러에 얼굴을 묻고붉어진 눈을 깜빡이며 널 기다렸어무슨 얘길 하고 픈지 그 말알 것도 같은데 모르겠어어색한 눈인사에 목이 메이고한 발 물러 선우리 둘 공간에 눈물 터지고화가 나서 소리치듯 가란 내 말에벌써 넌 아주 멀리 달아나 버렸어오늘 헤어졌어요 우리 헤어졌어요내 맘 알 것 같다면옆에서 같이 울어줘요나는 안되나봐요 역시 아닌가봐요얼마나 더 울어야 제대로 사랑 할까요귓가엔 심장소리 그대 울리고지운 니 번호 지울수록더욱 또렷 해지고언제부터 어디부터 멀어진 건지분명히 어제까진 날 사랑 했는데오늘 헤어졌어요 우리 헤어졌어요내 맘 알 것 같다면옆에서 같이 울어줘요나는 안되나봐요 역시 아닌가봐요얼마나 더 울어야 제대로 사랑 할까요참 좋았어 너무 좋아서 더 아프죠사랑에 또 속은 내가 미워그냥 나오지 말 걸 그냥 아프다 할 걸우리 사랑한 기억그게 널 붙잡아 줄 텐데너는 내일을 살고 나는 오늘을 살아아무도 아무것도 날 웃게할 수는 없어오늘 헤어졌어요 우리 헤어졌어요내 맘 알 것 같다면옆에서 같이 울어줘요나는 안되나봐요 역시 아닌가봐요얼마나 더 울어야 제대로 사랑 할까요,"82,624"
