가수명,노래제목,발매일,가사,좋아요수
김제훈,좋은 꿈이었길 바래,2019-09-18,만남 이별 짧지 않았던 시간을 지나 뒤돌아보면 그래도 정말 즐거웠었지 널 미워했던 마음은 어느덧 사라져 가고 하나 둘 아득했던 장면들만 채워지고 있어 길었던 하루 가만히 낯설은 기억을 찾고 있다가 내 어깨에 웃으며 기댔던 그 시절 넌 아름다웠어 아마 난 너를 떠올릴 시간은 줄어들지 몰라도 많은 웃음을 줬던 널 잊지 못할 거야 나밖에 모르는 나를 좋아해서 그게 참 미안해 꼭 어제 같았던 그날들은 참 행복했지 너도 좋은 꿈이었길 바래 좋은 꿈이었길 바래 누군갈 만나도 네가 준 사랑과 비교할 것 같아 환하게 피었던 도시의 모습도 예전 같지 않아 집을 향하는 거리에 사람들 틈사이로 멍하니 걷고 있다가 한번쯤 생각에 떠올려본 우린 너무 아름다웠어 아마 난 너를 떠올릴 시간은 줄어들지 몰라도 많은 웃음을 줬던 널 잊지 못할 거야 나밖에 모르는 나를 좋아해서 그게 참 미안해 꼭 어제 같았던 그날들은 참 행복했지 너도 좋은 꿈이었길 안녕 기억의 한켠에 오래 머물러줘 고마워 안녕 뒤늦게 찾아온 그리움에 이제야 많은걸 깨달았어 너는 어때 날생각할까 아직 난 누굴 받아들이기엔 시간이 필요한가봐 혹시나 모를 네가 다시 올까봐 어디선가 이 노래 듣고 있다면 나를 생각해줘 꼭 어제 같았던 그날들은 참 행복했지 너도 좋은 꿈이었길 바래 좋은 꿈이었길 바래 좋은 꿈이었길 ,793
양다일,Darling,2020-11-23,Oh darling 처음 널 만나면 수줍은 대화들로 사랑에 빠질 거야 My darling 아마도 우린 손을 마주 잡고서 도시를 거닐 거야 비라도 오면 골목 어귀에 발을 멈추고서 바라보다가 입을 맞출지도 몰라 어둠이 오면 밝게 빛나는 별빛들 아래서 음악에 취해 서로에게 기대어 Darling My darling 멈춰버린 시간 속에서 우리 둘이서 영원토록 Darling My darling 함께 할 거야 너의 곁에서 눈을 감을 때까지 Oh darling 잊지 못할 거야 서로를 품에 안고 온기를 느끼던 날 My darling 따스할 거야 함께 잠이 들 때면 비추는 햇살들이 가끔씩 우린 아쉬울 거야 다른 모습들에 말을 멈추고 어색한 침묵이 올 때면 서운한 마음에 다투다 보면 오직 둘만 아는 그런 말들로 가벼운 미소가 될 거야 Darling My darling 멈춰버린 시간 속에서 우리 둘이서 영원토록 Darling My darling 함께 할 거야 너의 곁에서 눈을 감을 때까지 널 처음 마주한 순간 알 수 있었어 나를 보며 지었던 그 미소 그게 내 전부란 걸 Darling My darling 설레이는 내 마음을 담아 너에게 고백할게 영원토록 Darling My darling 나를 안아줘 너의 곁에서 눈을 감을 때까지 눈을 감을 때까지 눈을 감을 때까지 ,10907
김제훈,어때,2019-02-18,머릿속에 맴돌던 생각을 억누른 채 감정을 소비하며 누워서 잠이 들지 뻔한 일상 속에 맴돌다 낯선 그때를 떠올리면 이제 더는 의미 없는 추억이잖아 생각에 저 끝에 너와 내가 하나의 마음을 안고 있었는데 쌓여버린 오해와 방황에 우릴 내려놨어 바빴던 일과에 자리 잡은 내 모습에 안심하며 그렇게 잘 이겨내 왔었는데 I don’t know 그곳은 어때 너의 날씨는 참 편해 나를 채워준 너의 말들이 이제야 고마워 요즘 넌 어때 나는 반복된 시간에 어느 순간 널 발견해 하지만 한발도 내딛지 못하는 나 숨은 내 맘 속엔 밝은 네가 나도 모르게 떠오르고 있지만 다시 만남을 이어가도 이별일 걸 알기에 지쳐가는 무게가 짓누를수록 내 결심은 무너져 그렇게 잘 이겨 내왔었는데 I don’t know 그곳은 어때 너의 날씨는 참 편해 나를 채워준 너의 말들이 이제야 고마워 요즘 넌 어때 나는 반복된 시간에 어느 순간 널 발견해 하지만 한발도 내딛지 못하는 나 기억나 되감는 시간에 다시 빠져들수록 그땐 누구보다 어느 때보다 아름다운 추억인 걸 너의 하루는 어때 나를 잊은 넌 좀 편해 나를 채워준 너의 모든 게 이제야 고마워 요즘 넌 어때 나는 깨닫는 시간에 이젠 의미 없는 널 찾아 헤매 그렇게 한발도 내딛지 못하는 나 그곳에선 넌 어때 ,1130
장범준,잠이 오질 않네요,2020-10-24,당신은 날 설레게 만들어 조용한 내 마음 자꾸만 춤추게 해 얼마나 얼마나 날 떨리게 하는지 당신이 이 밤을 항상 잠 못 들게 해 매일 같은 밤 너를 생각하면서 유치한 노랠 들으며 심장이 춤을 추면서 오오 난 너를 기다리면서 유치한 노랠 부르며 심장이 춤을 추면서 워 나를 떨리게 하나요 그대 왜 나를 설레게 하나요 자꾸만 오늘도 잠 못 이루는 이 밤 아름다운 그대 나를 아프게 하나요 웃는 그대 왜 자꾸 설레게 하나요 하염없이 오늘 밤 잠이 오질 않네요 보고 싶은 그대여 당신이 날 힘들게 만들어 갑자기 내 마음 자꾸만 멍들게 해 얼마나 얼마나 잠 못 들게 하는지 고요한 내 마음 항상 시끄럽게 해 매일 같은 밤 너를 생각하면서 유치한 노랠 들으며 심장이 춤을 추면서 워 난 너를 기다리면서 유치한 노랠 부르며 심장이 춤을 추면서 워 나를 떨리게 하나요 그대 왜 나를 설레게 하나요 자꾸만 오늘도 잠 못 이루는 이 밤 아름다운 그대 나를 아프게 하나요 웃는 그대 왜 자꾸 설레게 하나요 하염없이 오늘 밤 잠이 오질 않네요 보고 싶은 그대여 매일 밤 너를 생각하면서 유치한 노랠 들으며 심장이 춤을 추면서 워오 난 너를 기다리면서 유치한 노랠 부르며 심장이 춤을 추면서 워 나를 떨리게 하나요 그대 왜 나를 설레게 하나요 자꾸만 오늘도 잠 못 이루는 이 밤 아름다운 그대여 나를 아프게 하나요 웃는 그대 왜 자꾸 설레게 하나요 하염없이 오늘 밤 잠이 오질 않네요 보고 싶은 그대여 ,159018
산들,취기를 빌려 (취향저격 그녀 X 산들),2020-07-20,언제부턴가 불쑥 내 습관이 돼버린 너 혹시나 이런 맘이 어쩌면 부담일까 널 주저했어 언제부턴가 점점 내 하루에 스며든 너 아침을 깨우는 네 생각에 어느샌가 거리엔 어둠이 젖어 들고 취기를 빌려 오늘 너에게 고백할 거야 하루하루 네가 좋다고 괜히 어색할까 혼자 애만 태우다 끝끝내 망설여왔던 순간 알잖아 나 무뚝뚝하고 말도 없는 걸 서툰 표현이 쑥스러워서 괜히 쓰다 지울 문자만 바라보다 멋쩍은 쓴웃음만 언제부턴가 가끔 너와 마주칠 때마다 한참을 머뭇거린 어설픈 손 인사만 오늘 밤도 후회로 잦아들고 취기를 빌려 오늘 너에게 고백할 거야 하루하루 보고 싶다고 괜히 어색할까 혼자 애만 태우다 수없이 연습해왔던 그 말 알잖아 나 무뚝뚝하고 말도 없는 걸 서툰 표현이 쑥스러워서 괜히 쓰다 지울 문자만 바라보다 멋쩍은 쓴웃음만 첫눈을 빌려 오늘은 꼭 고백할 거야 작은 너를 품에 안고서 눈을 마주하고 너무 사랑한다고 함께 하고 싶다고 ,218069
임한별,이 노래가 뭐라고,2020-11-24,이 노래가 뭐라고 그렇게 불렀을까 음정 박자 하나도 맞지 않아도 뭐가 그리 좋았을까 매일 밤 불러주던 흔한 하루가 참 그립다 이 노래가 뭐라고 널 다시 불러올까 겨우 잊어낸 지 한 일년 됐을까 넌 갔고 나만 남았어 그 자리 그 시간에 대체 어디 갔니 돌아와 줘 이 노랜 날 위해 불러주는 노래 어쩌면 한 번도 꺼내지 못했었던 사실은 아직도 사랑한단 말 이 노랜 널 위해 불러주는 노래 혹시 너도 날 못 잊었을까 봐 말도 안 되겠지만 그래 아닐 테지만 돌아와 줄래 거짓말처럼 이 노래가 뭐라고 죽도록 불렀을까 어차피 네겐 닿지도 않을 텐데 그래도 이게 다니까 이 노래뿐이니까 다시 목놓아 널 불러본다 이 노랜 날 위해 불러주는 노래 어쩌면 한 번도 꺼내지 못했었던 사실은 아직도 사랑한단 말 이 노랜 널 위해 불러주는 노래 혹시 너도 날 못 잊었을까 봐 말도 안 되겠지만 그래 아닐 테지만 돌아와 줄래 거짓말처럼 살다 보면 언젠가 만날 텐데 그땐 서로를 모른척해야만 하는 소설 같은 장면이 싫어 어떻게 살 수가 있어 나는 못해 제발 돌아와 줘 결국엔 너만의 이 노래 혹시 너도 날 못 잊었을까 봐 말도 안 되겠지만 그래 아닐 테지만 돌아와 줄래 거짓말처럼 ,11833
ODD-CAT (오드캣),달밤 (Moon & Sweet),2020-07-02,작게 흐르는 음악 볼에 닿는 바람 달밤 달밤 달달한 밤 귓가에 들리는 길모퉁이 버스킹 커피 한 잔 손에 든 채로 살짝 취한 기운 기타 소리에 실어 우리 추억 속에 날려본다 지친 하루 끝엔 언제나 네가 있어 내 맘을 달래줄 유일한 시간이야 달이 뜬 이 밤 나를 스치는 바람 참 달달한 밤이야 달밤 달밤 달달한 밤 널 데리러 가는 time 참 기다려져 MOON &amp; SWEETY NIGHT 늦은 저녁 즐겨 찾는 카페에 앉아 너를 꼭 닮은 꽃을 건네며 했던 고백 바다 내음이 가득한 발코니에서 우리 단둘이 마주 앉아 feeling so good 지친 하루 끝엔 언제나 네가 있어 너의 목소리가 나를 잠들게 하네 달이 뜬 이 밤 나를 스치는 바람 참 달달한 밤이야 달밤 달밤 달달한 밤 널 데리러 가는 time 참 기다려져 MOON &amp; SWEETY LIGHT 이 시간이 영원하기를 바래 uh 눈을 뜨면 항상 널 봤으면 해 함께하는 story 끝나지 않았으면 해 이 밤 저 달빛 아래 밝게 빛나는 달이 참 설레는 밤이야 달밤 달밤 달달한 밤 나는 멈추지 않아 이 마음을 말이야 지금 만나러 갈게 우리 둘이 함께 나를 스치는 바람 참 달달한 밤이야 달밤 달밤 달달한 밤 널 데리러 가는 time 참 기다려져 MOON &amp; SWEETY NIGHT ,698
백아연,어디라도,2020-11-18,우연의 다른 이름은 운명이란 걸 배웠죠 우리 사랑의 끝이 없는 걸 이제서야 알았죠 어디라도 난 느낄 수 있죠 겨우 한 발 멀어져 있는 거겠죠 손을 내밀면 닿을 수 있는 곳에 그대가 있겠죠 멈춘 가슴이 뛰어요 우리 처음 본 날처럼 문득 스쳐 지나는 기억에 습관처럼 웃어요 어디라도 난 느낄 수 있죠 겨우 한 발 멀어져 있는 거겠죠 손을 내밀면 닿을 수 있는 곳에 그대가 있겠죠 왜 먼저 사랑하고 이별만 알려줘서 두 볼에 눈물을 흐르게 했나요 어디라도 난 느낄 수 있죠 내게 사랑이란 한 번뿐이겠죠 혹시 내 옆에 다른 사람 있어도 사랑은 아니죠 ,1622
김제훈,Love Again,2017-02-06,언제부터였을까 따뜻한 휴식을 찾고 있을 때 찾고 있을 때 그때부터였을까 맘이 포근해진 걸 너를 봤을 때 너를 봤을 때 꿈에 그려 봤던 아름답고 멋진 곳을 향해 걸어 봐요 그대와 함께 그대와 함께 어딘가에 있을 그대 슬픔 모두 내가 다 지워 줄게 내 손을 잡고 내 손을 잡고 I Fall In Love Again 불안할 때 나를 강해지게 만드는 한 사람 I Fall In Love Again 아껴줄게 세상의 행복을 다 느낄 수 있게 맑은 햇살 같은 미소를 볼 때면 하루가 즐거워져 이대로 함께 그대와 함께 넓은 세상에서 우연히 만났던 그날을 기억할게 내 손을 잡고 그대 손을 붙잡고 I Fall In Love Again 불안할 때 나를 강해지게 만드는 한 사람 I Fall In Love Again 아껴줄게 세상의 행복을 다 느낄 수 있게 어두웠던 지난날 다시 행복을 찾아준 너에게 어떤 말로 표현할지 낯선 길을 걸어도 나란히 옆에서 있는 널 볼 때면 I Love You Everyday I Fall In Love Again 불안할 때 나를 강해지게 만드는 한 사람 I Fall In Love Again 아껴줄게 세상의 행복을 다 느낄 수 있게 ,980
박원,짐,2020-10-22,짐이 되어버렸어 너를 지치게 해 내가 함께 만든 꿈들도 무너지게 했어 짐이란 표현이 맞아 사랑할 때 그 책임이 너는 날 짊어지고 난 가만히 있어 점점 더 무겁고 더 버거울 거야 너에겐 이미 많은 짐이 있는데  지금까지 오는 길 못 잊을 거야  많이 무거웠지 그만 내려놔 이제 솔직한 내 마음은 너를 붙잡고 싶지만 그게 제일 쓸모없어 버려야 할 짐인데 점점 더 무겁고 더 버거울 거야 널 사랑하는 게 짐이 돼버렸어 지금까지 오는 길 너무 행복했어 많이 무거웠지 제발 나를 두고 가 내가 그리워도 한결 가벼울 거야 여기서 우리는 이만 헤어져야 해  뒤돌아보지 마 나는 울지 않잖아 너는 잘 될 거야 이제 혼자 걸어가 짐이 되어버렸어 ,10988
헨리 (HENRY),RADIO,2020-11-18,아무리 밝게 빛나도 난 언제나 부족해 참 쉽지 않아 난 계속 싸우려 해도 이젠 어쩔 수 없나봐 I did it for you you Cause in my mind Nothing lasts 내 머리 속의 fairytales 난 믿지 않는 fairytales oh 오늘도 난 널 찾아가 난 믿지 않는 fairytales 뻔한 fairytales of you and I 이 노래 on the radio 아프게 계속 들어도 이젠 내 맘속엔 자꾸 내 맘속엔 Imma’ keep it playing on and on and on 이 노래 on the radio 아프게 계속 들어도 이젠 내 맘속엔 자꾸 내 맘속엔 끝이 없는 노래 on and on and on 아무리 내가 노력해봐도 넌 언제나 더 원하는데 I do it for you you Cause in my mind Nothing lasts 내 머리 속의 fairytales 난 믿지 않는 fairytales oh 오늘도 난 널 찾아가 난 믿지 않는 fairytales 뻔한 fairytales of you and I 이 노래 on the radio 아프게 계속 들어도 이젠 내 맘속엔 자꾸 내 맘속엔 Imma’ keep it playing on and on and on 이 노래 on the radio 아프게 계속 들어도 이젠 내 맘속엔 자꾸 내 맘속엔 끝이 없는 노래 on and on and on 몰라줘도 돼 널 위한 이 노래 모두 들을 수 있게 I'm without your love I’m without your love 널 위한 이 노래 널 가질 수 있게 이 노래 on the radio 아프게 계속 불러도 이젠 내 맘속엔 자꾸 내 맘속엔 끝이 없는 노래 on and on and on ,17413
김제훈,잠잠,2020-03-17,오랜만에 거길 가봤어 아무도 없는 둘만이 알던 곳 함께 걷던 거리에 서서 아무 말도 못한 채 한참을 니 생각했어 이런저런 story 떠오른 memory 여전히 넌 예쁜지 이런 내 맘을 너는 알까 애써 멀어지는 나인데 잠잠하던 내 맘에 자꾸 불을 지펴 왜 잔잔한 내 마음에 자꾸 돌을 던져 왜 우린 끝난사이잖아 흔한 추억팔이잖아 그냥 모르는 척 지나쳐야 해 잠잠 잠잠 마지막을 기억해 돌아섰던 순간도 넌 아직 나를 미워할 거야 아무렇지 않은 듯 하루 끝을 정리하다 문득 너를 생각했어 그 날 그 때 우리 떨리던 목소리 여전히 들리는지 이런 내 맘을 너는 알까 다시 다가가고 싶은데 잠잠하던 내 맘에 자꾸 불을 지펴 왜 잔잔한 내 마음에 자꾸 돌을 던져 왜 대체 왜 이러는거야 서로 원하고 있잖아 그냥 모르는 척 지나치기엔 점점 점점 친구들은 내게 말해 이젠 좀 잊으라고 다른 더 좋은 사람 만나라고 남이 되고야 알았어 갈 곳을 잃은 것처럼 갈수록 허전함뿐인걸 잠잠하던 바람아 나를 간지럽혀 왜 잠잠한 너 때문에 내 맘이 타들어가 대체 왜 이러는거야 서로 원하고 있잖아 애써 외면하는 우리 둘 사이 잠잠하던 내 맘에 자꾸 불을 지펴 왜 잔잔한 내 마음에 자꾸 돌을 던져 왜 우린 끝난사이잖아 흔한 추억팔이잖아 그냥 모르는 척 지나쳐야 해 잠잠 잠잠 ,548
죠지,바라봐줘요,2019-02-21,그대를 다시 볼 수 있다는 생각을 해요 아마도 우린 끝없이 멀리 돌아만 왔죠 엊그제부터 또 생각이 나서 이제 더는 안될 것 같아 그대에게 말해요 아무런 의미 없는 일상에 들어와줘요 그대와 함께하고 싶은 게 참 많은걸요 익숙해질 즘 그댈 기다리는 게 왠지 마주칠 것만 같아 마음이 떨려요 I’m the one who found your love 그대 안에 내가 번져서 그간에 맘들이 모두 녹아내리면 내가 꿈꿔왔던 것처럼 그렇게 나를 바라봐줘요 혼자서 잠 못 이루고 널 떠올렸던 밤 별들이 반짝이던 그날에 기도했었죠 그대를 다시 다시 볼 수 있다면 어디에 있건 당장이라도 달려갈 텐데 I’m the one who found your love 그대 안에 내가 번져서 그간에 맘들이 모두 녹아내리면 내가 꿈꿔왔던 것처럼 그렇게 나를 바라봐줘요 I’m the one who found your love 그대 안에 내가 번져서 그간에 맘들이 모두 녹아내리면 내가 꿈꿔왔던 것처럼 그렇게 나를 바라봐줘요 ,70395
솔지,오늘따라 비가 와서 그런가 봐,2020-07-09,비가 와 비가 와 비 냄새 가득한 이런 날 한동안 늘 이럴 것 같아 축 처진 채 멍하니 비 따라 쏟아져 내리는 너와의 기억들 속엔 좋았던 일만 가득 담겨 있나 봐 정말 오늘따라 비가 와서 그런가 봐 콕 집어 보고 싶어진 것도 아니야 딱히 네가 그리워진 것도 아니야 그냥 기분이 좀 그래 지금 이 마음을 어떻게 설명할까 그때의 우리가 정말 너무나 좋아 보여서 그래 조금 먹먹할 뿐이야 뭔가 좀 찌뿌둥한 기분에 애써 눈을 뜨면 오늘도 날이 흐려 흠뻑 비가 올 것만 같아 무심코 열어본 사진첩 속에 환히 웃고 있는 우리 모습이 어색하기만 해 정말 오늘따라 비가 와서 그런가 봐 콕 집어 보고 싶어진 것도 아니야 딱히 네가 그리워진 것도 아니야 그냥 기분이 좀 그래 지금 이 마음을 어떻게 설명할까 그때의 우리가 정말 너무나 좋아 보여서 그래 이 비 따라 잠시나마 우리 참 좋았던 그때로 이 마음 찾아가면 함께 조금만 머물러 줄래 아마도 비가 내리는 날이면 난 오랫동안 네 생각이 날 것 같아 울고 웃었던 우리의 추억이 참 예쁘잖아 정말 그냥 조금 울적한 기분일 뿐이야 그때로 돌아가고 싶진 않아 하루 종일 멍하고 조금 먹먹할 뿐이야 ,29810
Sondia,Always Remember,2020-11-05,No way Don’t forget 살며시 미소 지은 표정까지 햇살보다 따뜻한 너의 품 기억에 간직해 바램이 뭐냐고 내게 물으면 한가지 나의 소원은 영원히 너의 곁에서 잠이 들길 너를 꼭 품에 안고 Always Remember 마지막 너의 눈물 날 향한 너의 손길이 비록 내게 멀어져도 너의 맘 기억할게 No way Don’t forget 처음 본 그 순간 떨린 느낌 나를 보던 네 눈빛 한없이 수줍은 네 모습 마지막 순간도 서로 지키자던 지난 날 우리의 약속 저물어가는 저 햇살 속에 가려 무색해진다 해도 잊지 않을게 마지막 너의 눈물 날 향한 너의 손길이 비록 내게 멀어져도 언제든 내가 떠오를 때 나를 향한 미소 저 하늘 향해 환하게 비춰줄래 잊지 않을게 내게 주었던 사랑 기억할게 멀어져도 영혼은 어디라도 너와 함께 Always Remember Everyday Every Moment Always Remember Everyday Every Moment I’ll remember you 너의 모든 것 너의 사랑도 ,1458
스트레이 (The Stray),은하수,2020-11-16,너를 잃던 날 내겐 왜가 필요했어 핑계 없이는 버틸 수가 없어서 거울에 비춰진 내 모습이 슬퍼 보이진 않아 시들어 갔었던 네 마음을 이제야 알 것 만 같아 사랑을 당연하게 받아왔었던 나는 널 잊지 못할 용기는 있나 봐 은하수를 너에게 줄게 그저 내 마음일 뿐이야 모든 걸 줄 수 있지만 너 아니면 내 마음을 채울 수가 없을 것 같아 비어버린 날 메워줘 미워하진 않겠지만 사랑하진 않겠지만 다시 날 바라봐 줘 너와 나의 세계가 이젠 같지 않더라도 함께 건너왔던 다리가 무너질지라도 은하수를 너에게 줄게 그저 내 마음일 뿐이야 모든 걸 줄 수 있지만 너 아니면 내 마음을 채울 수가 없을 것 같아 비어버린 날 메워줘 미워하진 않겠지만 사랑하진 않겠지만 다시 날 바라봐 줘 ,1781
김제훈,너만 생각하면,2018-01-29,오늘도 어김없이 빗나가는 말투들에 긴 싸움 끝에 결국 널 울리고 말았어 처음에 약속했던 너의 행복을 위해 나를 다 주겠단 그 약속 왜 이리 힘든 걸까 이 모든 게 내 탓인 걸 난 너만 생각하면 설레임이란 세 글자를 느껴 난 너만 생각하면 미래를 생각하며 더 일을 해 믿지 못하겠지만 변명처럼 들리지만 너만 생각하면 세상을 다 주고 싶은 진심을 믿어줘 자주 일어나는 사소한 다른 입장 속에서 이해라는 두 글자가 오해로 변했어 억지로 참아 봐도 마주 보는 얼굴 속에서 어둡게 피어난 미움들 왜 이리 힘든 걸까 이 모든 게 내 탓인 걸 난 너만 생각하면 설레임이란 세 글자를 느껴 난 너만 생각하면 미래를 생각하며 더 일을 해 믿지 못하겠지만 변명처럼 들리지만 너만 생각하면 세상을 다 주고 싶은 진심을 믿어줘 익숙함에 빠져 너를 힘들게 했지만 오직 내가 기댈 사람 너뿐이니까 난 너만 생각하면 매일 새로운 설레임을 느껴 난 너만 생각하면 미래를 생각하며 더 일을 해 믿지 못하겠지만 변명처럼 들리지만 너만 생각하면 세상을 다 주고 싶은 진심을 믿어줘 믿어줘 ,375
CNBLUE (씨엔블루),"과거 현재 미래 (Then, Now and Forever)",2020-11-17,오늘 날씨 맑음 오후에는 먹구름 내 마음은 계속 비가 내릴 예정 친구들아 미안해 오늘도 난 빠질게 너희 맘은 아는데 시간 조금만 줄래 계속 맘이 쓰릴 예정 하루의 시작과 끝에 이젠 이별의 끈에 서로 묶여 있어 엉켜 있어 매듭처럼 말이야 어떤 날은 괜찮고 어떤 날은 미치도록 그리워 어떤 날은 또 정말 미워 언젠가는 이러다가 말겠지 잊혀지긴 하겠지 어떤 날은 다 무뎌지겠지 우린 과거 현재 미래에 있어 차마 버리지는 못할 너와 손가락 걸고 했던 약속 혼자서라도 지킬 예정 쉽게 헤어진 이별 어려운 문제를 주고 전혀 알 수 없게 날 시험해 바보처럼 말이야 어떤 날은 괜찮고 어떤 날은 미치도록 그리워 어떤 날은 또 정말 미워 언젠가는 이러다가 말겠지 잊혀지긴 하겠지 어떤 날은 다 무뎌지겠지 우린 과거 현재 미래에 있어 추억이 또 뚝뚝뚝 여전히 Nobody Nobody but you I can’t say Goodbye Baby You You 어떤 날은 괜찮고 어떤 날은 미치도록 그리워 어떤 날은 또 정말 미워 이젠 우리 행복했으면 좋겠다 그러면 참 좋겠다 보통날이 날 찾아오겠지 우린 과거 현재 미래에 있어 우린 과거 현재 미래에 있어 ,14456
산들,어른 일기,2020-11-14,그저 몸만 자라난 아이 어른이란 이름을 달고 끝내 곁을 내어 주지 않는 곳 세상 속을 헤매고 있어 때로는 상처 난 마음이 베어 문 저 달빛 같아 까만 하늘을 은은히 밝혀 주지만 쓸쓸히 웃는 것 같아 내일 할 걱정까지 모아 나의 머릿속을 채우네 편히 잠든 밤은 왠지 불안해 혼자 뒤척이는 건가 봐 가끔씩 내리는 눈물은 해 뜬 날 소나기 같아 흐린 마음을 깨끗이 씻어 주지만 내 꿈까지 지울 것 같아 혼자가 너무 익숙한 나는 누군가 내민 손길마저도 두려운 맘이 생겨 키 작은 내 자존심이 아이에서 어른이 되면 그땐 웃을 수 있을까 때로는 상처 난 마음이 베어 문 저 달빛 같아 까만 하늘을 은은히 밝혀 주지만 쓸쓸히 웃는 것 같아 내일 나의 일기는 맑음 미리 써 내려가는 행복 어설프게 그린 웃는 내 얼굴 모두 이뤄지면 좋겠다 ,10141
김제훈,내가 말하고 싶은건,2016-09-05,잘 지내 어떤 말부터 네게 꺼내야 할지 망설였지만 결국 이 노랠 쓰고 있어 사실 난 너의 빈자리가 너무 당연해진 것 같아 하지만 익숙한 괴로움 그동안 나 많이 변했어 다시 나를 봤다면 달라졌을 거야 니가 원한 상상 못할 나 그동안 나 많이 고민 했어 있잖아 니가 없는 하루를 살아가며 네게 전할 말이 있는데 내가 말하고 싶은 건 내가 말하고 싶은 건 아직 너야 바로 너야 오직 너야 I need you girl 내가 말하고 싶은 건 내가 말하고 싶은 건 아직 너야 니가 필요해 자꾸만 작아지는 하루 다시 나를 본다면 달라질 수 있어 니가 원한 상상 못할 나 그동안 나 많이 고민 했어 있잖아 니가 없는 하루를 이해하며 많이 보고 싶었던 내 마음 다 전해주고 싶어 내가 말하고 싶은 건 내가 말하고 싶은 건 아직 너야 바로 너야 오직 너야 I need you girl 내가 말하고 싶은 건 내가 말하고 싶은 건 아직 너야 니가 필요해 너를 향해 외치고 있는 이 바램이 끝나지 않길 너의 기억 한 켠에 있는 내 모습이 조금씩 커져가길 엉켜버린 시간들 속에 아직 내가 살아있다면 너를 위해 힘껏 달려 갈 수 있어 사랑해 내가 말하고 싶은 건 내가 말하고 싶은 건 아직 너야 바로 너야 오직 너야 I need you girl 내가 말하고 싶은 건 내가 말하고 싶은 건 아직 너야 니가 필요해 ,432
SOLE (쏠),아무말도,2020-10-17,요즘 들어 우린 내내 왠지 기분이 점점 변해 서로가 서툴러서 오래 시간이 필요했던 거야 나 혼자 왜 아프고 또 내 마음만 안 편해 이상하게 널 보면 또 왜 솔직하지 못해 그렇게 아무것도 알지 못하고 우린 돌아선 채 점점 더 멀어져 아무 말도 하지 못하고 너의 눈을 바라볼 때면 마음이 아파 어떤 표정으로 난 네게 이 말을 전해줘야 할지 함께했던 시간이 네겐 좋았던 기억이길 바래 어두운 밤 혼자 있을 때 몇 번을 되뇌어도 이상하게 아직도 나 솔직하지 못해 미안해 아무것도 알지 못하고 우린 돌아선 채 점점 더 멀어져 아무 말도 하지 못하고 너의 눈을 바라볼 때면 ,5504
이승기,뻔한남자,2020-11-15,그 날 이후 두 사람 어느 정도 예감했지 멀지 않은 우리 이별의 날을 달라지는 노력보다 그대로 흘러가길 바라는 꽤 된 낡은 사랑 누구 탓을 안 한 채 다른 얘길 꺼내 보던 배려는 아무 힘도 남아 있지 않기에 오 함께 걷던 발걸음이 어긋나기 시작했었던 그 날 이별 느낌 문득 마음이 같아서 다행일까 누구 하난 거짓 마음이었을까 붙잡지 않는 서론 섭섭하지 않아 그대로 흘러가면 이별인데 다시 못 볼 사람인데 우리 계절 끝나가는데 난 정말 자신 있었을까 추억들이 날 내버려둘 줄 안걸까 미처 깨닫지 못한 너라는 커다람에 난 지샌 밤을 배운다 다 그렇게들 떠나니 너무 걱정 말라 했던 친구 누구나 겪는 것처럼 말했었던 아니 우린 다를거야 그 때로 가서 되돌리고픈 못난 밤이 깊어 마음이 같아서 다행일까 누구 하난 거짓 마음이었을까 붙잡지 않는 서론 섭섭하지 않아 그대로 흘러가면 이별인데 다시 못 볼 사람인데 우리 계절 끝나가는데 난 정말 자신 있었을까 추억들이 날 내버려둘 줄 안걸까 미처 깨닫지 못한 너라는 커다람에 난 지샌 밤을 배운다 돌이킬 수 없다는 걸 잘 알아 반짝 지나가는 후유증이길 바래 나라고 뭐 다를까 다들 그러하듯이 뒤늦게 후회하고 그리워하고 아마도 이러다가 말거야 세상 수많은 이별 중에 하나일 뿐 사랑을 놓쳐버린 흔하디 흔한 이별 겪었던 뻔한 남자 ,43756
김제훈,내게 다시오면,2012-03-29,힘들었던 지난날을 모두다 내려 놓으며 너여서가 아닌 나의 삶을 살아온 지금 돌아서면 돌아보면 내겐 다시 못올 순간들 내게 다시오면 내게 다시오면 묻었던 가슴은 다시 깨어날 텐데 다시 내게 오면 내남은 사랑을 다 주고 싶어 난여기 있을께 난여기 있을께 한숨만 쉬며 돌아서면 돌아보면 내겐 다시 못올 순간들 내게 다시오면 내게 다시오면 묻었던 가슴은 다시 깨어날 텐데 다시 내게 오면 내남은 사랑을 다 주고 싶어 난여기 있을께 난여기 있을게 내게 다시오면 내게 다시오면 참았던 가슴은 다시 풀려날 텐데 다시 내게 오면 내남은 사랑을 다 주고 싶어 난여기 있을께 난여기 있을께 한숨만 쉬며 난여기 있을께 난여기 있을께 한숨만 쉬며 ,179
웬디 (WENDY),두 글자,2020-11-15,그대 아무 말 없어도 나의 눈빛은 그대만 봐요 눈망울에 숨겨놓은 그대 이야기 이젠 조금씩 내게 느껴져요 왜 나였는지 언제인지 중요하지 않아요 지금 이 순간 지금 내 곁에 그대라면 사랑이란 두 글자 정말 이상해 귓가에 스쳐만 가도 가슴이 떨리는 내 마음을 어떡할까요 날리는 바람에 흘려 보내봐도 다시 꽃피는 이 사랑을 아무 생각 말아요 그대 걷는 길 어디라 해도 내 마음이 그대 머문 자리에 나를 데려다 줄 테니 걱정이 없죠 어둠이 내린 저 하늘에 밝게 빛나고 있는 별처럼 내 맘이 그대의 길을 비추죠 사랑이란 두 글자 정말 이상해 귓가에 스쳐만 가도 가슴이 떨리는 내 마음을 어떡할까요 날리는 바람에 흘려 보내봐도 다시 꽃피죠 수 없는 날들을 기다려 왔던 내 맘이 그대에게 한 걸음씩 가까워 지고 있죠 사랑이란 두 글자 왜 이래 떠올려 보기만 해도 심장이 떨리는 내 마음이 왜 이럴까요 환한 햇살 속에 숨겨 보려 해도 눈치 없이 다시 피어나죠 ,12288
김나영,니가 없다면,2020-11-13,언제부턴가 너를 보낸 하루하루가 길고 힘들어져 눈을 뜨는 게 널 맞이했었던 나였는데 아무 의미 없어 어디로 걸어야 할까 혹시 너 있을까 함께 걷던 거리에 몇 번을 찾아도 너의 빈자리 너의 기억 추억만 커져가 니가 없다면 이런 난 내가 아냐 뒤돌아섰던 그때에는 니가 없어도 괜찮을 것 같아 더는 무엇도 소란스러워질 이유 없다 모질게 말했어 어디로 걸어야 할까 혹시 너 있을까 함께 걷던 거리에 몇 번을 찾아도 너의 빈자리 너의 기억 추억만 커져가 니가 없다면 이런 난 내가 아냐 나 홀로 남겨진 채로 추억 하나도 버리지 못해 기다려 얼마나 걸어야 할까 혹시 너 있을까 잠시라도 널 다시 또 만나게 되면 혹시나 하는 그런 맘에 또 서성이는데 괜한 욕심에 아닌 줄 알면서 난 가지 마 멀어지지 마 아직 그 자리에 예전처럼 있어줘 늘 그랬었잖아 너로 가득 찬 시간들을 되돌리고 싶어 그렇게 오늘도 너를 찾고 있어 나는 ,15937
김제훈,너도 그러니?,2014-05-13,멀리서 희미하게 걸어온 니 모습 한눈에 알아봤었어 무슨 말을 먼저 할까 준비해놓은 말은 많은데 생각이 안나 조금은 많이 변한 것 같은데 따스한 미소는 여전 하네 하루 종일 널 본다는 생각에 가슴한쪽이 설레였었어 너도 그러니 혹시나 나와 같은 맘이면 우리 다시 해볼까 예전보다 좋아질거야 나에게 꼭 맞는 셔츠를 입고 평소 안 보던 거울만 바라봐 예전보다 훨씬 내가 더욱 괜찮다면 넌 내게 다시 다가올까 마지막이 될 줄도 모르는데 용기내  그립던 만큼 내 마음을 전 할래 하루 종일 널 본다는 생각에 가슴한쪽이 설레 였었어 너도 그러니 혹시나 나와 같은 맘이면 우리 다시 해볼까 예전보다 좋아질 거야 여전히 나에게 묻어 있는 너의 기억 선명한데 어느 곳을 어느 계절을 지날 때 마다 너무도 니가 그리웠어 하루 종일 널 만날꺼란 생각에 나 이시간만을 기다렸나봐 이젠 말할게 다시 널 사랑하고 싶어 니가 나의 마지막 사랑이길 ,42
디어클라우드,사실 난,2020-11-16,괜찮은 척 해봤어 얼마나 더 버텨질까 다시 맘을 다잡고  힘껏 웃음 짓고 잊으려 해 모두들 좋아 보여 또 나는 외톨이 같아 눈물을 꾹 삼키고  태연한 척 어울리기도 해 사실 난 한 치 앞도 안 보여 사실 난 용기도 바닥났어 이제 난 절망조차 버거워 오늘도 길을 잃고 헤매 사실 난 괜찮아질 거라고 결국 다 지나갈 거라고 그렇게 말해 와도  내겐 지금이 전부인 걸 사실 난 한 치 앞도 안 보여 사실 난 용기도 바닥났어 이제 난 절망조차 버거워 오늘도 길을 잃고 헤매 사실 난 사실 난 강한 사람이 아냐 사실 난 네 앞에선 단단히 그렇게 괜찮은 척 해봐도 사실 난 한계에 서있어 사실 난 ,1778
제이레빗(J Rabbit),너로 가득해,2020-10-12,Now I’m falling falling in love And I’m calling calling you Here my eyes adore you Are we still in my dream Now I’m falling falling in love And I’m dreaming dreaming of you Will you ever know You just blew my heart away 나의 마음 위에 너를 그리면 나의 온 세상이 너로 가득해 떨리는 두 눈에 너를 영원히 담을 수 있을까 제멋대로 뛰는 내 맘 나의 마음 위에 너를 그리면 나의 온 세상이 너로 가득해 익숙한 웃음도 내게 특별한 마음을 갖게 해 너의 옆에 나란히 앉아 너의 맘을 봐 말하지 않아도 나는 알 것 같아 마치 언젠가 우리 같이 걸었던 것처럼 너의 길에 난 늘 이렇게 함께 할게 ,1902
커피소년,장가갈 수 있을까,2011-07-15,장가갈 수 있을까 장가갈 수 있을까 올해도 가는데 장가갈 수 있을까 누굴 만난다는 건 어려운 일이야 남들처럼 그렇게 장가 갈 수 있을까 내 친구들 하나 둘 씩 떠나가고 설마했던 그 친구마저 떠난다 운명적인 사랑도 잘 모르겠고 여자 맘은 진짜 진짜 모르겠다 장가갈 수 있을까 장가갈 수 있을까 통장 잔고 없는데 장가갈 수 있을까 누굴 만난다는 건 어려운 일이야 남들처럼 그렇게 장가갈 수 있을까 시집갈 수 있을까 시집갈 수 있을까 올해도 가는데 시집갈 수 있을까 누굴 만난다는 건 어려운 일이야 남들처럼 그렇게 시집갈 수 있을까 이러다 평생 혼자 사는 거 아냐 다시 사랑이란걸 할 수 있을까 소녀 같던 내 순수함 어디갔나 여자 맘은 내도 내가 모르겠다 장가갈 수 있을까 시집갈 수 있을까 장가갈 수 있을까 시집갈 수 있을까 올해도 가는데 올해도 가는데) 장가갈 수 있을까 시집갈 수 있을까 누굴 만난다는 건 누굴 만난다는 건 어려운 일이야 어려운 일이야) 남들처럼 그렇게 남들처럼 그렇게 장가갈 수 있을까 시집갈 수 있을까 언젠간 우리도 장가갈거야 시집갈거야 우린 꼭 갈거야,17302
김제훈,Love Road,2017-07-24,매일 마다 만드는 우리의 부드럽고 예쁜 스토리 오늘은 유난히 멋 좀 부리고 제일 먼저 네게 전활 걸어 지금 어디야 오늘 뭐 할래 퉁명스런 너의 말투 나와 갈 곳이 있어 널 위한 Drive 너와 나만의 Love Road 어디든 갈께 어디든 갈께 저기 아름다운 Ocean View 소리 질러 와 너와 함께 와 I Just Wanna Love You Forever 모든 게 그림인 걸 내게 가까이 와줘 한 손엔 널 품고 달려 너무나도 특별한 널 위한 Drive 너와 나만의 Love Road 어디든 갈께 어디든 갈께 저기 아름다운 Ocean View 소리 질러 와 너와 함께 와 I Just Wanna Love You Forever 달리는 풍경들이 눈이 부셔 예쁜 걸 그 옆엔 So Beautiful Girl 지금 누비고 있는 이 하늘아래 You're My Sunshine Of My Life 어디든 갈께 어디든 갈께 저기 아름다운 Ocean View 소리 질러 와 너와 함께 와 I Just Wanna Love You Forever 어디든 갈께 어디든 갈께 저기 아름다운 Ocean View 소리 질러 와 언제까지나 I Just Wanna Love You Forever ,150
준호 (2PM),어차피 잊을 거면서 (Feat. CHEEZE),2017-09-11,여느 때랄 것 없이 높디높은 하늘 조금 시원한 바람 신기하게도 이별이란 아픔보다 지금 떠있는 이 별이 더 예뻐 근데 있잖아 퇴근길 버스 안에서 한참 길었던 해가 짧아지고 적적한 하늘에 노을 빛이 스며들면 내 마음도 그날에 스며들어 단지 하루에 스치는 노을일 뿐인데 왜 내 맘까지 젖어들까 잔잔한 물가에 돌 하나 던진 듯 왜 내 맘은 일렁일까 단지 한쪽의 지나간 추억일 뿐인데 왜 내 맘은 널 다시 쓸까 어차피 되돌리지도 못할 거면서 요즘엔 하루가 참 길어 너와 있을 때는 하루가 너무 짧아서 내 삶에 많이 소홀했었는데 내 일도 내 삶도 날 위해 쓸 수 있어 근데 말이야 퇴근길 지하철에서 너와 나누던 심심한 농담과 위로가 됐었던 실없는 웃음소리도 이제는 더 이상 들을 수 없어 단지 하루에 스치는 노을일 뿐인데 왜 내 맘까지 젖어들까 잔잔한 물가에 돌 하나 던진 듯 왜 내 마음은 일렁일까 단지 한쪽의 지나간 추억일 뿐인데 왜 내 맘은 널 다시 쓸까 어차피 되돌리지도 못할 거면서 Hey yeah yeah 어차피 다 잊을 거면서 Hey yeah yeah 어차피 다 잊을 거면서 단지 하루에 스치는 노을일 뿐인데 왜 내 맘까지 젖어들까 잔잔한 물가에 돌 하나 던진 듯 왜 내 맘은 일렁일까 단지 한쪽의 지나간 추억일 뿐인데 왜 내 맘은 널 다시 쓸까 어차피 되돌리지도 못할 거면서 어차피 내일이면 다 잊을 거면서 ,13468
박재범,하루하루,2020-08-29,혼자 있어도 난 슬프지 않아 그대와의 추억이 있으니 하지만 깊은 허전함은 추억이 채울 수 없는 걸 언젠간 나 없이도 살아갈 수 있을 거야 차가운 그대 이별의 말에 할 말은 눈물뿐이라서 바라볼 수 없던 나의 그대 하루하루 지나가면 익숙해질까 눈을 감아야만 그댈 볼 수 있다는 것에 더이상 그대의 기쁨이 될 수 없음에 나는 또 슬퍼하게 될 거야 언젠간 나 없이도 살아갈 수 있을 거야 차가운 그대 이별의 말에 할 말은 눈물뿐이라서 바라볼 수 없던 나의 그대 하루하루 지나가면 익숙해질까 눈을 감아야만 그댈 볼 수 있다는 것에 나 이제 그대에 기쁨이 될 수 없음에 나는 또 슬퍼하게 될 거야 하루하루 지나가면 잊을 수 있을까 그대의 모습과 사랑했던 기억들을 끝내 이룰 수 없었던 약속들을 나는 또 슬퍼하고 말 거야 ,8253
XIA (준수),요즘,2020-11-10,조금 시간을 갖게 되는 우리에게 지금보다는 더 나아질까 조금 시간을 갖게 되면 우린 어떨까 혹시 우리 그렇게 끝이 날까 요즘 네가 없는 내가 생각나 내가 없는 넌 괜찮을까 매일 반복되는 하루하루의 시간은 싫어 우리 왜 이렇게 서로에게 나쁜 사람으로 변하는지 이런 아픈 실수를 우린 몰라 많은 후회로 남을 거 같아서 이젠 서로를 추억으로 보내줄까 그래야만 웃을 수 있을까 너무 복잡해진 지금이 그저 싫어서 계속 나도 모르게 바보같이 요즘 네가 없는 내가 생각나 내가 없는 넌 괜찮을까 매일 반복되는 하루하루의 시간은 싫어 우리 왜 이렇게 서로에게 나쁜 사람으로 변하는지 이런 아픈 실수를 우린 몰라 많은 후회로 남을 거 같아서 굳이 헤어져 있어야 익숙해져 버린 소중함을 깨닫는 건 아니야 요즘 네가 없는 나를 생각해 네가 없는 난 괜찮을까 그냥 예전처럼 너와 매일을 웃고 싶은데 우리 왜 이렇게 모질게 차갑게 서로만을 탓하는지 이런 아픈 실수를 우린 몰라 너는 어떤 생각을 할까 요즘 ,6978
태연 (TAEYEON),겨울나무 (I'm all ears),2017-12-12,어제보다 많이 지쳐 보이는 그대의 표정 만져 보곤 알죠 바람이 또 아프게 했나요 왜 아무 말 못해요 좀 솔직해져도 돼요 내게 전부 말해봐요 밤을 새도 괜찮아요 차갑던 그대 하루가 나로 인해 녹을 수 있게요 I am all ears I am all ears 듣고 있죠 두 눈 꼭 감아요 춥지 않게 다 덮어줄게요 눈치 보지 마요 혼자 견디지 않아도 되죠 왜 아무 말 없어요 좀 표현을 해도 돼요 내게 전부 말해봐요 밤을 새도 괜찮아요 차갑던 그대 하루가 나로 인해 녹을 수 있게요 걱정이죠 혹시 또 애써 서 있을까 봐 좀 더 참아요 여기 항상 내가 이 자리에 천천히 다 말해봐요 매일 나 귀 기울여요 차갑던 계절 지나면 또 피어날 거란 걸 알아요 I am all ears I am all ears 듣고 있죠 ,17817
김제훈,내가 뭘 하는지,2015-04-27,울리지 않는 전화기를 바라보며 혼자 멍하니 방 안을 서성이다가 내가 뭘 하는지 모르겠어 특별할 게 없잖아 의미 없는 하루의 일상들 사랑이란 게 나를 이렇게 만들었나 무기력한 하루가 지겨워 미친 듯이 밤하늘을 걷고 뛰어 보다 문득 잊었던 얼굴이 생각나면 내가 뭘 하는지 내가 뭘 하는지 모르겠어 알고 싶어 누가 날 좀 잡아줘 뭘 해야 할지 웃어야 울을지 너 하나 내 곁에 없는데 허무한 세상이 돼 버린 걸 우 지쳐 가는 내 자신이 싫어져 우리가 왜 이런 이별을 만들었을까 생각하다 뒤를 돌아보면 너의 환했던 그 모습에 다시 한 번 무너져 내가 원하던 삶은 이게 아닌데 내가 뭘 하는지 내가 뭘 하는지 모르겠어 알고 싶어 누가 날 좀 잡아 줘 뭘 해야 할지 웃어야 울을지 너 하나 내 곁에 없는데 허무한 세상이 돼 버린 걸 우 지쳐가는 내 자신이 싫어져 꼬여가는 내 삶의 끝에 니가 나를 맞아 줬으면 그럴 리가 없잖아 나만 혼자 하는 기대 뿐인 걸 내가 뭘 하는지 내가 뭘 하는지 모르겠어 그리워져 날 이렇게 만든 너 돌아가고 싶어 좋았던 그때로 우리 앞에 따뜻이 비추던 그 날의 그 모습을 간직한 채 다시 한 번 나를 안아줘 ,93
이적,당연한 것들,2020-06-21,그때는 알지 못했죠 우리가 무얼 누리는지 거릴 걷고 친굴 만나고 손을 잡고 껴안아주던 것 우리에게 너무 당연한 것들 처음엔 쉽게 여겼죠 금세 또 지나갈 거라고 봄이 오고 하늘 빛나고 꽃이 피고 바람 살랑이면은 우린 다시 돌아갈 수 있다고 우리가 살아왔던 평범한 나날들이 다 얼마나 소중한지 알아버렸죠 당연히 끌어안고 당연히 사랑하던 날 다시 돌아올 때까지 우리 힘껏 웃어요 잊지는 않았잖아요 간절히 기다리잖아요 서로 믿고 함께 나누고 마주보며 같이 노래를 하던 우리에게 너무 당연한 것들 우리가 살아왔던 평범한 나날들이 다 얼마나 소중한지 알아버렸죠 당연히 끌어안고 당연히 사랑하던 날 다시 돌아올 거예요 우리 힘껏 웃어요 당연히 끌어안고 당연히 사랑하던 날 다시 돌아올 거예요 우리 힘껏 웃어요 ,28204
이우,어차피 헤어진 사이,2020-11-10,너를 사랑했던 날 너를 미워했던 날 그땐 철이 없었고 그땐 널 참 힘들게 했지 이제 와 무슨 소용 있겠어 시간도 시간 나름인 것 같아 하루에도 몇 번씩 그래 너로 힘들어하는 나 그리워도 흔들리지는 말자 담담히 잘 견뎌 내보자 어차피 우린 헤어진 사이야 사랑했던 널 가끔 아니 자주 보고 싶기는 하지만 um 어차피 헤어진 사이야 그만 놓아주자 안부도 묻지 못한 사이지만 혹시 널 마주칠까 사실 기대를 해보기도 해 그리워도 흔들리지는 말자 담담히 잘 견뎌내 보자 어차피 우린 헤어진 사이야 사랑했던 널 가끔 아니 자주 보고 싶기는 하지만 um 어차피 헤어진 사이야 그만 놓아주자 이대로 서로를 아쉬워하고 좋은 기억만 갖고 살아가자 언젠가 스치듯 만나게 되면 환하게 웃어줄 수 있니 헤어짐에 연연하지는 마요 괜한 소란 피우지 마요 어차피 우린 헤어진 사이야 사랑했던 널 가끔 아니 자주 보고 싶기는 하지만 슬픈 이별의 끝에서 서로를 놓아주자 ,11745
권진아,여기까지,2016-07-18,Hey baby baby 니 말이 다 맞는 것 같애 니 옆에서 웃고 있는 여자 정말 예쁜 것 같애 우린 오랜 시간 서로 잘 맞는다 생각했지만 지금 곁에 있는 사람이 더 어울리는 것 같애 내가 알던 너의 미소 내 손을 꼭 잡아 주던 너 이제 그 옆자리는 내가 아냐 나를 제일 친한 친구라고 소개하는 너를 보면서 그저 웃음만 짓는 내가 싫어 예뻐 보여 착해 보여 그래 니 말대로야 좋아 보여 편해 보여 나와 있을 때보다 사실 난 좀 아프다 니 앞에선 웃지만 Baby i'll be Okay 할 말은 참 많지만 여기까지 Baby baby 니 말이 다 맞는 것 같애 지금 곁에 있는 사람 널 채울 수 없을 것 같애 너가 없는 하루 괜찮을 거라고 생각했지만 널 닮은 사람 찾는 걸 보면 널 못 잊는 것 같애 나도 내가 왜 이러는지 잘 모르겠어 이 자리에 너를 왜 불렀을까 바보처럼 널 이제 친한 친구라고 부를 수 밖에 없는 내가 여전히 너를 찾는 내가 싫어 예뻐 보여 착해 보여 그래 넌 그대로야 좋아 보여 편해 보여 내가 있을 때 보다 사실 난 좀 아프다 니 앞에선 웃지만 Baby i'll be okay 할 말은 참 많지만 넌 괜찮니 안 보이니 바로 니 앞에 내가 끝난 거니 친군 거니 지금 난 너무 아파 사실 널 볼 때면 나 아직 흔들리지만 그래 I'll say Good Bye 할 말은 참 많지만 여기까지 ,75305
권진아,시계 바늘,2019-09-19,구름이 덮지 못한 하늘 틈이 보이면 비가 꼭 안 올 것 같아 아주 가끔은 웃던 너의 얼굴을 보며 괜찮다 믿은 것처럼 모를 리 있니 넌 떠나가고 있음을 아니 어쩜 이미 떠나갔음을 해질녘 노을이 더 아름다운 것처럼 이 사랑도 끝자락이 예뻐 서로를 보다 가만히 걷다 나는 너만 넌 먼 곳을 바라보다 너의 마음의 시계 바늘이 이젠 나를 지나가고 있잖아 희미해지다 끝나버린 노래처럼 자연스레 멀어지고 싶은데 눈치도 없이 내 마음이 너를 부른다 흐트러진 마지막은 싫은데 서로를 보다 가만히 걷다 나는 너만 넌 먼 곳을 바라보다 너의 마음의 시계바늘이 이젠 나를 지나가고 있잖아 잘 지낼 수 있어 난 잘 그러니까 괜찮은 척이 난 참 쉬워 너도 알고 있잖아 울기라도 할까 봐 아무 말이나 하는 마음을 뜨거운 정오 아련한 오후 서늘했던 저녁이 지나가고 나란했었던 시계바늘이 둘이 되어 멀어지고 있잖아 이젠 나를 지나가고 있잖아 ,32435
어쿠스틱 콜라보,얘랑 있을 때 좋다(with 김국헌 of 비오브유),2020-11-03,블랙커피 위에 휩크림 네가 좋아하는 아인슈페너 말투만 봐도 다 알아 오늘은 뭐가 또 문젠데 집에 가는 길에 심심해 아님 어제 마셨던 게 속이 불편하니 들어가기 전에 전화해 이따 집 앞에 정류장에서 봐 너와 함께 걷는 거리 너 그 자주 가는 카페 니가 자주 듣는 음악 왜 이게 다 좋을까 너는 아무렇지 않은데 나만 혼자서 이러는 건지 궁금해 좋아하는 건 아니지만 왜 자꾸 날 신경 쓰이게 하는데 얘랑 있을 때가 좋다 맨날 티격태격하지만 얘랑 있을 때가 좋다 표현이 잘 되진 않지만 옆에 있을 때 먼저 다가가지 못해도 너랑 있을 때가 좋다 오늘따라 더 네가 예뻐 보인다 우린 그냥 친구인데 안 좋아한다 널 좋아한다 안 좋아한다 널 좋아한다 네 입술 위에 휩크림 너만 좋아하는 민트 초콜릿 짧은 단발이 잘 어울려 그 말에 왜 난 설레는데 나는 아무 일도 없을 때 딱히 전화할 사람 너 말곤 없는데 왜 들어가기 전에 잠깐 봐 오늘은 너네 집 앞에서 만나 너와 같이 먹는 브런치 너와 자주 가는 산책 니가 좋아하는 영화 왜 난 이게 다 좋을까 너는 아무렇지 않은데 나만 혼자서 이러는 건지 궁금해 좋아하는 건 아니지만 왜 자꾸 날 신경 쓰게 하는데 얘랑 있을 때가 좋다 맨날 티격태격하지만 얘랑 있을 때가 좋다 표현이 잘 되진 않지만 옆에 있을 땐 먼저 다가가지 못해도 너랑 있을 때가 좋다 미쳤나 봐 나 니가 신경 쓰인다 우린 그냥 친구인데 얘랑 있을 때가 좋다 맨날 티격태격하지만 얘랑 있을 때가 좋다 표현이 잘 되진 않지만 옆에 있을 땐 먼저 다가가지 못해도 너랑 있을 때가 좋다 오늘따라 더 니가 신경 쓰인다 우린 그냥 친구인데 안 좋아한다 널 좋아한다 안 좋아한다 널 좋아한다 안 좋아한다 널 좋아한다 안 좋아한다 널 좋아한다 ,4034
권진아,운이 좋았지,2019-09-19,나는 운이 좋았지 다른 사람들은 그렇게 어려운 이별을 한다는데 나는 운이 좋았지 말 한마디로 끝낼 수 있던 사랑을 했으니까 나는 운이 좋았지 서서히 식어간 기억도 내게는 없으니 나는 운이 좋았지 한없이 사랑한 날도 우리에겐 없던 것 같으니 나는 운이 좋았지 스친 인연 모두 내게 많은 것들을 가르쳐줬으니 후회는 하지 않아 덕분에 나는 조금 더 나은 사람이 되었으니까 참 많이도 아팠지 혼자서 울음을 삼킨 날도 정말 많았지 이젠 웃어 보일게 긴 터널이 다 지나가고 단단한 마음을 갖게 됐으니 아주 자잘한 후회나 여운도 내게 남겨 주지 않았으니 나는 운이 좋았지 내 삶에서 나보다도 사랑한 사람이 있었으니 내게 불었던 바람들 중에 너는 가장 큰 폭풍이었기에 그 많던 비바람과 다가올 눈보라도 이제는 봄바람이 됐으니 나는 운이 좋았지 나는 운이 좋았지 나는 운이 좋았지 넌 내게 전부였지 나는 운이 좋았지 내 삶에서 나보다도 사랑한 사람이 있었으니 ,48867
성시경,첫 겨울이니까,2019-12-09,무얼 고를까 추운 겨울이니까 캐시미어 스웨터는 어떨까 처음이니까 초록이 날까 다홍색은 어떨까 보라 빛 밤 구름 사이로 하얀 눈이 내리면 크리스마스 온 세상이 반짝이네 크리스마스 그중 제일 반짝이는 숨막히게 예쁜 너와 우리 둘만의 첫 겨울이니까 뭐가 좋을까 로즈 골드 빛 목걸인 어떨까 언젠가 풀 반지 곱게 엮어 고백을 할 땐 눈이 오면 좋겠어 크리스마스 온 세상 포근해 지네 크리스마스 그 중에 가장 따듯한 너의 품 속에서 항상 너의 곁에서 사랑해 있잖아 널 보면 나의 맘에 눈처럼 가득히 날리고 영원토록 녹지 않아 우리의 겨울이 우리 사랑이 하얗게 쌓여가 크리스마스 사랑만 가득히 크리스마스 온 세상 환희 반짝이네 크리스마스 그 중에 제일 반짝이는 숨막히게 예쁜 너와 멋진 너와 크리스마스 사랑만 가득히 온 세상 메리 크리스마스 그 중에 가장 따듯한 잠든 너의 품속에서 내 품속에서 잠든 네 꿈속에서 항상 너의 곁에서 늘 우리 둘이서 ,58622
폴킴,너도 아는,2020-10-27,어질러진 책상을 바라보다 변한 것 없이 변해버린 나를 봐 울 수도 없고 웃을 수도 없는 너도 다 아는 그런 맘일 거야 그때 넌 무슨 생각이었을까 잔인하다 해도 모두 말해줘 바보같이 난 좋았던 일만 그런 것밖엔 안 떠올라서 후회한다고 뭐가 달라질까 돌아간다고 뭘 할 수 있을까 버틸 힘도 견딜 힘도 없어 어둑해진 밤하늘 바라보다 쓸쓸하게 날 비추던 달빛과 그 옆에 조용히 빛나던 그 별빛에 취해 난 너를 떠올리며 웃고 있었어 그때 넌 무슨 생각이었을까 잔인하다 해도 모두 말해줘 바보같이 난 좋았던 일만 그런 것밖엔 안 떠올라서 후회한다고 뭐가 달라질까 돌아간다고 뭘 할 수 있을까 버틸 힘도 견딜 힘도 없어 차라리 모진 말로 날 다신 뒤돌아볼 수도 없게 날 밀어내 지나쳐버린 시간을 원망해 붙잡을 수 없단 것도 알지만 다가갈수록 멀어지는 게 모두 내 탓인 것만 같은데 여기서 포기하라고 말해줘 그게 더 나을 거야 지금의 난 버틸 힘도 견딜 힘도 없어 너도 아는 그런 맘인 거야 ,54942
반하나,겨울 끝,2019-03-02,잘 지내 너무 오랜만이야 그동안 넌 어떻게 지냈니 이별 후 다시 돌아온 겨울은 더 차갑더라 매일 너를 맘에 켜둔 채 하루하루를 견뎌내도 네가 그리워 계절이 지나고 시간이 흐르고 나면 조금은 희미해질까 무뎌질까 아픈 기억 그 이별까지도 또다시 멀어진 겨울 끝에 서서 예전에 네 모습 기다리고 있어 너의 숨결이 다시 불어오는 그날을 거짓말 모두 거짓말처럼 무색해져버린 지난날들 이별 후 다시 돌아온 겨울은 더 괜찮더라 사랑을 놓고 난 후에야 나 더 이상 아프지 않게 네가 싫어져 계절이 지나고 시간이 흘러간 후엔 조금은 희미해지던 무뎌지던 아픈 기억 그 사랑까지도 어느새 익숙해져 버린 사랑의 반도 안 된 말로 상처만 남아서 바보 같은 날 후회하고 있어 단 한 번만이라도 예전으로 나 돌아간다면 나 아프지 않게 다시는 힘들지 않게 널 알기 전 그때로 난 가고 싶어 더 이상 나 초라하지 않게 이미 늦어버린 걸 알아 하지만 이대로 끝낼 순 없잖아 이제 너를 지워내려 해 내 곁에 다시 돌아와 줘 차가운 계절 끝에선 우리 ,5712
가호 (Gaho),남자를 몰라 (삼성전자 뉴레트로 시리즈),2020-10-27,매번 늦어도 이해할게 누굴 만났니 먼저 묻지 않을게 고집스런 내 사랑 너의 말은 변명이라도 믿고 싶을 테니 눈 비비는 척 눈물 닦아내고 다음 약속도 잡을 이유 만들지 니 맘보다 한숨과 친해져도 널 보기 위해 난 사니까 수없이 어긋난데도 기다릴게 아무리 가슴 아파도 웃어볼게 떠나선 안돼 서둘러 저버리진 마 날 밀어내도 깊어지는 이 사랑을 봐 내 입을 막아도 세상이 다 아는데 왜 너만 몰라 왜 널 지킬 남자를 몰라 잊어보려고 해도 소용없어 하루도 못 가 너만 또 찾는 나인걸 혼자가 더 좋다는 슬픈 니 말 눈물이 자꾸 지워버려 수없이 어긋난데도 기다릴게 아무리 가슴 아파도 웃어볼게 떠나선 안돼 서둘러 저버리진 마 날 밀어내도 깊어지는 이 사랑을 봐 내 입을 막아도 세상이 다 아는데 왜 너만 몰라 왜 널 지킬 남자를 몰라 니 맘에 누가 있든 괜찮아 한 번쯤 못 이긴 척 돌아봐 보여줄 게 더 많아 쉽게 보낼 수 없어 가지 마 널 원해야만 견뎌내는 내 가슴이야 날마다 울어도 볼 때마다 행복해 왜 너만 몰라 왜 강한 내 사랑을 몰라 ,1625
이민혁,너만 몰라,2020-11-05,나조차 모르게 언제부터 누군가 내 안에 살고 있었나 엉뚱한 상상에 웃다 보면 찬 바람 부는데 봄을 느껴 난 이런 게 잊고 있던 사랑일까 어떻게 표현이 안 돼 벌써 우린 시작인 것 같아 어쩜 우린 연인인 것 같아 혹시 나만 이럴까 불안해지는 내 맘 이런 내 맘 너는 몰라 둘이서 하는 게 사랑이면 지금은 사랑이 아닐지 몰라 서운한 마음에 한숨 쉬고 조금만 지나면 다시 웃게 돼 이런 게 잊고 있던 사랑일까 누가 좀 가르쳐 줄래 벌써 우린 시작인 것 같아 어쩜 우린 연인인 것 같아 혹시 나만 이럴까 불안해지는 내 맘 이런 내 맘 너는 몰라 끝도 없이 니 생각하는 중 긴 하루의 끝에 말이야 둘 사이에 보이지 않는 선 넘어온 건 너란 말이야 벌써 우린 시작인 것 같아 어쩜 우린 연인인 것 같아 혹시 나만 이럴까 불안해지는 내 맘 이런 내 맘 너는 몰라 요즘 내가 이상한 것 같아 좋은 일만 생기는 것 같아 너를 바라보다가 두근거리는 내 맘 아직 내 맘 너만 몰라 ,1221
임창정,힘든 건 사랑이 아니다,2020-10-19,내가 널 떠났어야 했는데 왜 떠나야 하는지도 아는데 어떤 아무 말도 아무것도 줄 게 없는 내 곁에서 늘 조용히 손을 잡아준 그대 제발 나를 떠나 부디 너를 찾아 이젠 놔도 되는 너의 나를 분명 다시 돌아갈 수 있으니 더 늦기 전에 어서 나를 떠나가 왜 일찍 널 보낼 수 없었을까 살면서 너와 내가 죽어도 너와 내가 아닌 것을 누군가 그에겐 소중한 너인데 내 그늘에 가려 사랑받지 못해서 미안해 그만큼 받았으니 된 거야 내 생엔 없을 것 같던 그 사랑 어떤 아무 말도 아무것도 줄 게 없는 나일 텐데 또 그렇게 날 안아주는 그대 제발 나를 떠나 부디 너를 찾아 이젠 놔도 되는 너의 나를 분명 다시 돌이킬 수 있으니 더 늦기 전에 어서 나를 떠나가 더 일찍 널 보낼 수 없었을까 혹시나 너와 내가 영원한 너와 내가 맞을까 봐 누군가 그에겐 소중한 너인데 내가 되고 싶어 염치없이 지금까지 널 잡은 거야 떠나고 나면 우린 다 잃는 걸까 아냐 그저 제자리인 거야 우리 헤어지면 잠시 아파 정말 잠시일 거야 세상도 잘했다고 말할 거야 왜 일찍 널 보낼 수 없었을까 살면서 너와 내가 죽어도 너와 내가 아닌 것을 누군가 그에겐 소중한 너인데 내 그늘에 가려 사랑받지 못해서 미안해,113365
케이시 (Kassy),행복하니,2020-10-26,너와 나 헤어지는 게 서로에게 좋다고 최선이라고 생각했어 그때 우린 많이 지쳐서 더는 상처 밖에 못줄 테니 더 좋은 사람이 될게 더 행복하길 바래 마지막에 니가 한 이 말 지금의 너는 변했는지 어떻게 어떤 사랑을 하고 있니 넌 행복하니 좋은 사람 만나 잘 지내니 널 웃게 하고 기댈 수 있는 그런 사람이니 정말 행복하니 그 사람 꼭 나보다 더 널 사랑해 주길 이미 그렇겠지만 여전히 난 바본가 봐 우리의 이별 말고도 넌 참 힘들었는데 차마 위로해 주지 못했어 다시 욕심이 생길까 봐 계속 네 곁에 있고 싶을까 봐 넌 행복하니 좋은 사람 만나 잘 지내니 널 웃게 하고 기댈 수 있는 그런 사람이니 정말 행복하니 그 사람 꼭 나보다 더 널 사랑해 주길 이미 그렇겠지만 끝까지 난 바본가 봐 넌 꼭 행복해 줘 네 덕분이야 나도 이렇게 누군가를 사랑할 수 있어서 사랑받을 수 있어서 그걸로도 난 충분해 ,24364
적재,나랑 같이 걸을래 (바른연애 길잡이 X 적재),2020-10-23,가을밤이 찾아와 그대를 비추고 또 나를 감싸네 눈을 감을 때마다 향기로운 네 맘이 내게 전해지네 너는 무슨 생각해 나란히 누워서 저 별을 바라볼 때면 나와 같은 마음인지는 몰라도 너와 함께 있는 이 순간이 난 소중해 나랑 같이 걸을래 혹시 내일은 뭐해 네가 부담되지 않는 날에 산책이라도 할래 그냥 날이 좋길래 너와 걷고 싶어져서 내일 많이 바쁘지 않으면 혹시 나랑 같이 걸을래 많이 어색한가 봐 자꾸 딴 델 보고 널 닮은 별만 바라봐 싱그럽게 불어오는 바람에 너와 함께 있는 이 순간이 난 소중해 나랑 같이 걸을래 혹시 내일은 뭐해 네가 부담되지 않는 날에 산책이라도 할래 그냥 날이 좋길래 너와 걷고 싶어져서 내일 많이 바쁘지 않으면 혹시 나랑 같이 걸을래 힘들어 보일 땐 내가 더 아파오고 속상한 마음만 커져 내가 곁에 있을게 항상 너의 편이 되어줄게 저 하늘의 별처럼 나랑 같이 걸을래 혹시 내일은 뭐해 네가 부담되지 않는 날에 산책이라도 할래 그냥 날이 좋길래 너와 걷고 싶어져서 내일 많이 바쁘지 않으면 혹시 나랑 같이 걸을래 ,128060
공기남,"오늘,비 (feat. 1ho, Chan)",2019-04-10,비가 오는 오후 기분이 좋아서 창문을 열고 잠시 눈을 감고 널 느껴 시원한 바람소리 상쾌한 공기들에 얼어붙은 내 마음은 어느새 녹아지는걸 Fall in you in you 기다렸던 날이었잖아 Fall in you in you 멈춰버린 이 순간 속삭이듯 내리는 널 보며 깊은잠을 잔다 Oh baby 니 앞에선 감출 수 없어 Oh baby 내 귀속에 촉촉히 흘러 Moonlight 뿌옇게 감싸고 있는 안개속에서 소리없이 흩어져 I am not with you with you 가려졌던 하늘 탓인지 I am not with you with you 단지 기분 탓일까 내 안의 너를 지우려 하듯 창문을 닦아본다 Oh baby 니 앞에선 감출 수 없어 Oh baby 여전히 넌 내 맘속에 흘러 Moonlight 뿌옇게 감싸고 있는 안개속에서 소리없이 흩어져 Looking at the rain falling baby 니 앞에선 감출 수 없어 Looking at the rain falling baby 여전히 넌 내 맘속에 흘러 Moonlight 뿌옇게 감싸고 있는 안개속에서 소리없이 사라져 ,9688
