,가수명,노래제목,발매일,가사,좋아요수,감정
0,양다일,Darling,2020-11-23,Oh darling 처음 널 만나면 수줍은 대화들로 사랑에 빠질 거야 My darling 아마도 우린 손을 마주 잡고서 도시를 거닐 거야 비라도 오면 골목 어귀에 발을 멈추고서 바라보다가 입을 맞출지도 몰라 어둠이 오면 밝게 빛나는 별빛들 아래서 음악에 취해 서로에게 기대어 Darling My darling 멈춰버린 시간 속에서 우리 둘이서 영원토록 Darling My darling 함께 할 거야 너의 곁에서 눈을 감을 때까지 Oh darling 잊지 못할 거야 서로를 품에 안고 온기를 느끼던 날 My darling 따스할 거야 함께 잠이 들 때면 비추는 햇살들이 가끔씩 우린 아쉬울 거야 다른 모습들에 말을 멈추고 어색한 침묵이 올 때면 서운한 마음에 다투다 보면 오직 둘만 아는 그런 말들로 가벼운 미소가 될 거야 Darling My darling 멈춰버린 시간 속에서 우리 둘이서 영원토록 Darling My darling 함께 할 거야 너의 곁에서 눈을 감을 때까지 널 처음 마주한 순간 알 수 있었어 나를 보며 지었던 그 미소 그게 내 전부란 걸 Darling My darling 설레이는 내 마음을 담아 너에게 고백할게 영원토록 Darling My darling 나를 안아줘 너의 곁에서 눈을 감을 때까지 눈을 감을 때까지 눈을 감을 때까지 ,10907,happy
1,장범준,잠이 오질 않네요,2020-10-24,당신은 날 설레게 만들어 조용한 내 마음 자꾸만 춤추게 해 얼마나 얼마나 날 떨리게 하는지 당신이 이 밤을 항상 잠 못 들게 해 매일 같은 밤 너를 생각하면서 유치한 노랠 들으며 심장이 춤을 추면서 오오 난 너를 기다리면서 유치한 노랠 부르며 심장이 춤을 추면서 워 나를 떨리게 하나요 그대 왜 나를 설레게 하나요 자꾸만 오늘도 잠 못 이루는 이 밤 아름다운 그대 나를 아프게 하나요 웃는 그대 왜 자꾸 설레게 하나요 하염없이 오늘 밤 잠이 오질 않네요 보고 싶은 그대여 당신이 날 힘들게 만들어 갑자기 내 마음 자꾸만 멍들게 해 얼마나 얼마나 잠 못 들게 하는지 고요한 내 마음 항상 시끄럽게 해 매일 같은 밤 너를 생각하면서 유치한 노랠 들으며 심장이 춤을 추면서 워 난 너를 기다리면서 유치한 노랠 부르며 심장이 춤을 추면서 워 나를 떨리게 하나요 그대 왜 나를 설레게 하나요 자꾸만 오늘도 잠 못 이루는 이 밤 아름다운 그대 나를 아프게 하나요 웃는 그대 왜 자꾸 설레게 하나요 하염없이 오늘 밤 잠이 오질 않네요 보고 싶은 그대여 매일 밤 너를 생각하면서 유치한 노랠 들으며 심장이 춤을 추면서 워오 난 너를 기다리면서 유치한 노랠 부르며 심장이 춤을 추면서 워 나를 떨리게 하나요 그대 왜 나를 설레게 하나요 자꾸만 오늘도 잠 못 이루는 이 밤 아름다운 그대여 나를 아프게 하나요 웃는 그대 왜 자꾸 설레게 하나요 하염없이 오늘 밤 잠이 오질 않네요 보고 싶은 그대여 ,159018,happy
2,백아연,어디라도,2020-11-18,우연의 다른 이름은 운명이란 걸 배웠죠 우리 사랑의 끝이 없는 걸 이제서야 알았죠 어디라도 난 느낄 수 있죠 겨우 한 발 멀어져 있는 거겠죠 손을 내밀면 닿을 수 있는 곳에 그대가 있겠죠 멈춘 가슴이 뛰어요 우리 처음 본 날처럼 문득 스쳐 지나는 기억에 습관처럼 웃어요 어디라도 난 느낄 수 있죠 겨우 한 발 멀어져 있는 거겠죠 손을 내밀면 닿을 수 있는 곳에 그대가 있겠죠 왜 먼저 사랑하고 이별만 알려줘서 두 볼에 눈물을 흐르게 했나요 어디라도 난 느낄 수 있죠 내게 사랑이란 한 번뿐이겠죠 혹시 내 옆에 다른 사람 있어도 사랑은 아니죠 ,1622,happy
3,김제훈,Love Again,2017-02-06,언제부터였을까 따뜻한 휴식을 찾고 있을 때 찾고 있을 때 그때부터였을까 맘이 포근해진 걸 너를 봤을 때 너를 봤을 때 꿈에 그려 봤던 아름답고 멋진 곳을 향해 걸어 봐요 그대와 함께 그대와 함께 어딘가에 있을 그대 슬픔 모두 내가 다 지워 줄게 내 손을 잡고 내 손을 잡고 I Fall In Love Again 불안할 때 나를 강해지게 만드는 한 사람 I Fall In Love Again 아껴줄게 세상의 행복을 다 느낄 수 있게 맑은 햇살 같은 미소를 볼 때면 하루가 즐거워져 이대로 함께 그대와 함께 넓은 세상에서 우연히 만났던 그날을 기억할게 내 손을 잡고 그대 손을 붙잡고 I Fall In Love Again 불안할 때 나를 강해지게 만드는 한 사람 I Fall In Love Again 아껴줄게 세상의 행복을 다 느낄 수 있게 어두웠던 지난날 다시 행복을 찾아준 너에게 어떤 말로 표현할지 낯선 길을 걸어도 나란히 옆에서 있는 널 볼 때면 I Love You Everyday I Fall In Love Again 불안할 때 나를 강해지게 만드는 한 사람 I Fall In Love Again 아껴줄게 세상의 행복을 다 느낄 수 있게 ,980,happy
4,김제훈,잠잠,2020-03-17,오랜만에 거길 가봤어 아무도 없는 둘만이 알던 곳 함께 걷던 거리에 서서 아무 말도 못한 채 한참을 니 생각했어 이런저런 story 떠오른 memory 여전히 넌 예쁜지 이런 내 맘을 너는 알까 애써 멀어지는 나인데 잠잠하던 내 맘에 자꾸 불을 지펴 왜 잔잔한 내 마음에 자꾸 돌을 던져 왜 우린 끝난사이잖아 흔한 추억팔이잖아 그냥 모르는 척 지나쳐야 해 잠잠 잠잠 마지막을 기억해 돌아섰던 순간도 넌 아직 나를 미워할 거야 아무렇지 않은 듯 하루 끝을 정리하다 문득 너를 생각했어 그 날 그 때 우리 떨리던 목소리 여전히 들리는지 이런 내 맘을 너는 알까 다시 다가가고 싶은데 잠잠하던 내 맘에 자꾸 불을 지펴 왜 잔잔한 내 마음에 자꾸 돌을 던져 왜 대체 왜 이러는거야 서로 원하고 있잖아 그냥 모르는 척 지나치기엔 점점 점점 친구들은 내게 말해 이젠 좀 잊으라고 다른 더 좋은 사람 만나라고 남이 되고야 알았어 갈 곳을 잃은 것처럼 갈수록 허전함뿐인걸 잠잠하던 바람아 나를 간지럽혀 왜 잠잠한 너 때문에 내 맘이 타들어가 대체 왜 이러는거야 서로 원하고 있잖아 애써 외면하는 우리 둘 사이 잠잠하던 내 맘에 자꾸 불을 지펴 왜 잔잔한 내 마음에 자꾸 돌을 던져 왜 우린 끝난사이잖아 흔한 추억팔이잖아 그냥 모르는 척 지나쳐야 해 잠잠 잠잠 ,548,happy
5,죠지,바라봐줘요,2019-02-21,그대를 다시 볼 수 있다는 생각을 해요 아마도 우린 끝없이 멀리 돌아만 왔죠 엊그제부터 또 생각이 나서 이제 더는 안될 것 같아 그대에게 말해요 아무런 의미 없는 일상에 들어와줘요 그대와 함께하고 싶은 게 참 많은걸요 익숙해질 즘 그댈 기다리는 게 왠지 마주칠 것만 같아 마음이 떨려요 I’m the one who found your love 그대 안에 내가 번져서 그간에 맘들이 모두 녹아내리면 내가 꿈꿔왔던 것처럼 그렇게 나를 바라봐줘요 혼자서 잠 못 이루고 널 떠올렸던 밤 별들이 반짝이던 그날에 기도했었죠 그대를 다시 다시 볼 수 있다면 어디에 있건 당장이라도 달려갈 텐데 I’m the one who found your love 그대 안에 내가 번져서 그간에 맘들이 모두 녹아내리면 내가 꿈꿔왔던 것처럼 그렇게 나를 바라봐줘요 I’m the one who found your love 그대 안에 내가 번져서 그간에 맘들이 모두 녹아내리면 내가 꿈꿔왔던 것처럼 그렇게 나를 바라봐줘요 ,70395,happy
6,김제훈,너만 생각하면,2018-01-29,오늘도 어김없이 빗나가는 말투들에 긴 싸움 끝에 결국 널 울리고 말았어 처음에 약속했던 너의 행복을 위해 나를 다 주겠단 그 약속 왜 이리 힘든 걸까 이 모든 게 내 탓인 걸 난 너만 생각하면 설레임이란 세 글자를 느껴 난 너만 생각하면 미래를 생각하며 더 일을 해 믿지 못하겠지만 변명처럼 들리지만 너만 생각하면 세상을 다 주고 싶은 진심을 믿어줘 자주 일어나는 사소한 다른 입장 속에서 이해라는 두 글자가 오해로 변했어 억지로 참아 봐도 마주 보는 얼굴 속에서 어둡게 피어난 미움들 왜 이리 힘든 걸까 이 모든 게 내 탓인 걸 난 너만 생각하면 설레임이란 세 글자를 느껴 난 너만 생각하면 미래를 생각하며 더 일을 해 믿지 못하겠지만 변명처럼 들리지만 너만 생각하면 세상을 다 주고 싶은 진심을 믿어줘 익숙함에 빠져 너를 힘들게 했지만 오직 내가 기댈 사람 너뿐이니까 난 너만 생각하면 매일 새로운 설레임을 느껴 난 너만 생각하면 미래를 생각하며 더 일을 해 믿지 못하겠지만 변명처럼 들리지만 너만 생각하면 세상을 다 주고 싶은 진심을 믿어줘 믿어줘 ,375,happy
7,웬디 (WENDY),두 글자,2020-11-15,그대 아무 말 없어도 나의 눈빛은 그대만 봐요 눈망울에 숨겨놓은 그대 이야기 이젠 조금씩 내게 느껴져요 왜 나였는지 언제인지 중요하지 않아요 지금 이 순간 지금 내 곁에 그대라면 사랑이란 두 글자 정말 이상해 귓가에 스쳐만 가도 가슴이 떨리는 내 마음을 어떡할까요 날리는 바람에 흘려 보내봐도 다시 꽃피는 이 사랑을 아무 생각 말아요 그대 걷는 길 어디라 해도 내 마음이 그대 머문 자리에 나를 데려다 줄 테니 걱정이 없죠 어둠이 내린 저 하늘에 밝게 빛나고 있는 별처럼 내 맘이 그대의 길을 비추죠 사랑이란 두 글자 정말 이상해 귓가에 스쳐만 가도 가슴이 떨리는 내 마음을 어떡할까요 날리는 바람에 흘려 보내봐도 다시 꽃피죠 수 없는 날들을 기다려 왔던 내 맘이 그대에게 한 걸음씩 가까워 지고 있죠 사랑이란 두 글자 왜 이래 떠올려 보기만 해도 심장이 떨리는 내 마음이 왜 이럴까요 환한 햇살 속에 숨겨 보려 해도 눈치 없이 다시 피어나죠 ,12288,happy
8,김제훈,Love Road,2017-07-24,매일 마다 만드는 우리의 부드럽고 예쁜 스토리 오늘은 유난히 멋 좀 부리고 제일 먼저 네게 전활 걸어 지금 어디야 오늘 뭐 할래 퉁명스런 너의 말투 나와 갈 곳이 있어 널 위한 Drive 너와 나만의 Love Road 어디든 갈께 어디든 갈께 저기 아름다운 Ocean View 소리 질러 와 너와 함께 와 I Just Wanna Love You Forever 모든 게 그림인 걸 내게 가까이 와줘 한 손엔 널 품고 달려 너무나도 특별한 널 위한 Drive 너와 나만의 Love Road 어디든 갈께 어디든 갈께 저기 아름다운 Ocean View 소리 질러 와 너와 함께 와 I Just Wanna Love You Forever 달리는 풍경들이 눈이 부셔 예쁜 걸 그 옆엔 So Beautiful Girl 지금 누비고 있는 이 하늘아래 You're My Sunshine Of My Life 어디든 갈께 어디든 갈께 저기 아름다운 Ocean View 소리 질러 와 너와 함께 와 I Just Wanna Love You Forever 어디든 갈께 어디든 갈께 저기 아름다운 Ocean View 소리 질러 와 언제까지나 I Just Wanna Love You Forever ,150,happy
9,태연 (TAEYEON),겨울나무 (I'm all ears),2017-12-12,어제보다 많이 지쳐 보이는 그대의 표정 만져 보곤 알죠 바람이 또 아프게 했나요 왜 아무 말 못해요 좀 솔직해져도 돼요 내게 전부 말해봐요 밤을 새도 괜찮아요 차갑던 그대 하루가 나로 인해 녹을 수 있게요 I am all ears I am all ears 듣고 있죠 두 눈 꼭 감아요 춥지 않게 다 덮어줄게요 눈치 보지 마요 혼자 견디지 않아도 되죠 왜 아무 말 없어요 좀 표현을 해도 돼요 내게 전부 말해봐요 밤을 새도 괜찮아요 차갑던 그대 하루가 나로 인해 녹을 수 있게요 걱정이죠 혹시 또 애써 서 있을까 봐 좀 더 참아요 여기 항상 내가 이 자리에 천천히 다 말해봐요 매일 나 귀 기울여요 차갑던 계절 지나면 또 피어날 거란 걸 알아요 I am all ears I am all ears 듣고 있죠 ,17817,happy
10,성시경,첫 겨울이니까,2019-12-09,무얼 고를까 추운 겨울이니까 캐시미어 스웨터는 어떨까 처음이니까 초록이 날까 다홍색은 어떨까 보라 빛 밤 구름 사이로 하얀 눈이 내리면 크리스마스 온 세상이 반짝이네 크리스마스 그중 제일 반짝이는 숨막히게 예쁜 너와 우리 둘만의 첫 겨울이니까 뭐가 좋을까 로즈 골드 빛 목걸인 어떨까 언젠가 풀 반지 곱게 엮어 고백을 할 땐 눈이 오면 좋겠어 크리스마스 온 세상 포근해 지네 크리스마스 그 중에 가장 따듯한 너의 품 속에서 항상 너의 곁에서 사랑해 있잖아 널 보면 나의 맘에 눈처럼 가득히 날리고 영원토록 녹지 않아 우리의 겨울이 우리 사랑이 하얗게 쌓여가 크리스마스 사랑만 가득히 크리스마스 온 세상 환희 반짝이네 크리스마스 그 중에 제일 반짝이는 숨막히게 예쁜 너와 멋진 너와 크리스마스 사랑만 가득히 온 세상 메리 크리스마스 그 중에 가장 따듯한 잠든 너의 품속에서 내 품속에서 잠든 네 꿈속에서 항상 너의 곁에서 늘 우리 둘이서 ,58622,happy
11,로꼬,Say Yes,2016-08-29,니 눈앞에 왔잖아 내가 여기 있잖아 너의 입술로 말을 해줘 say yes say yes 나도 모르게 너에게 가고 있나봐 부는 바람에 내 맘 전할래 love is true 간지럽게만 느껴지던 눈 빛이 이제는 익숙 하단듯이 웃음 짓지 그 쪽으로 걸어가기만 하면 돼 라고 친구들은 계속해서 날 부추기지만 아직은 무거운 구두의 뒷 굽 차라리 벗어버리고 싶은 이 밤의 끝 손을 내밀어 줬으면 해 맨발로 너에게 뛰어갈 수 있게 끔 복잡하기만한 하루에 매 시간 머리를 굴리지만 난 지금에서야 깨달은 건데 결국 다 버려지고 너만 남아 지난 봄에는 널 우연히 봤고 더 이상은 우연이 아니였으면 해 스치기만 했던 너의 손을 잡고 어떤 길이라도 같이 걸었으면 해 니 눈앞에 왔잖아 내가 여기 있잖아 너의 입술로 말을 해줘 say yes say yes 나도 모르게 너에게 가고 있나봐 부는 바람에 내 맘 전할래 love is true i need u baby 너에게 하고 픈 말 내가 못다한 말 baby baby baby boy love is true 어디든 갈 수 있어 이건 거짓말이 아니야 이제부터는 나의 옆이 제일 편한 자리야 입술을 오므리고 내는 소리와 같이 내 이름을 불러줬음 좋겠어 내가 뒤로 떨어져서 걷더라도 단지 이 목소리를 들어줬음 좋겠어 니 눈앞에 왔잖아 내가 여기 있잖아 너의 입술로 말을 해줘 say yes say yes 나도 모르게 너에게 가고 있나봐 부는 바람에 내 맘 전할래 love is true 내가 바라는 단 한가지 니가 내곁에 있어주는 것 니가 날 보며 웃어주는것도 내 얘길 들어주는것도 난 그걸로도 충분한데 you 너를 보며 웃잖아 두 눈이 말하잖아 너도 이렇게 대답해줘 say yes say yes 너라서 좋아 니가 날 울려도 좋아 너는 나의 모든 전부니까 love is true i need u baby 너에게 하고 픈 말 내가 못다한 말 baby baby baby boy love is true ,89514,happy
12,긱스 (Geeks),"Officially Missing You, Too",2012-11-01,"애써 너에게 건냈던 말 good bye 이젠 혼자 남게된 이 밤 without you 난 아직도, I'm officially missing you 널 기다리던 밤처럼 길고 어둡던 우리 사이 공백 이게 끝이 아니길 바래 I wanna go back 너가 원하던 거 다 고친 지금에야 넌 어디로 갔는지 난 홀로 남아 lonely 오늘 따라 부는 바람도 참 시린 것 같은데 넌 왜이리 멀쩡해 보이는 건지 눈치도 없는 너지만 예전처럼만 웃어주면 돼 Ooo can't nobody do it like you Said every little thing you do Hey baby say it stays on my mind And I I'm officially missing you 나에겐 너 하나뿐인 걸 너 땜에 아파하는 걸 널 잊으려고 노력해봐도 잘 안돼 널 미워하는 건 too hard 너무 어려워 날 몰라주는 너도 서러워 I'm officially missing you officially missing you yeah I'm officially missing you, too 내가 아무 말도 하지 못한 이유 우리 사이 공백은 너무 길고 어떤 단어보다 너가 meaningful on another round 더 멀어져 가며 흘러가는 어색했던 오늘 하루가 내겐 아쉽고 어제로 남아있어 이 밤이 지나도 아직도 여기 있어 여전히 내 머릿속 너 때문에 늘 뒤척거리는 매일 밤 내 마음만 더 지쳐가 가로등 불은 거릴 비춰 흔들거리는 속을 변기 위에 비워 어 아무리 속을 비워도 남은 추억으로 취해 어지럽고 girl 난 아직 기댈 곳이 필요해 so 이 노래로 너를 씻어내 습관처럼 그리워해 날 보며 웃는 니 사진을 내 두 눈에 담고 미소를 지으면 다시 할 수 있을까 oh 그날처럼 나에겐 너 하나뿐인 걸 너 땜에 아파하는 걸 널 잊으려고 노력해봐도 잘 안돼 널 미워하는 건 추억 속 너에겐 못된 일이라 난 할 수가 없어 이렇게 널 그리워하는 날 알고 있는지 나에겐 너 하나뿐인 걸 너 땜에 아파하는 걸 널 잊으려고 노력해봐도 잘 안돼 널 미워하는 건 too hard 너무 어려워 날 몰라주는 너도 서러워 I'm officially missing you officially missing you can't nobody do it like you Said every little thing you do Hey baby say it stays on my mind And I I'm officially missing you ",123533,happy
13,비비 (BIBI),"아주, 천천히",2022-02-20,눈빛만으로 알 수가 있지 어떤 세상을 살아왔는지 처음 내민 너의 따뜻한 손길에 내 마음이 전부 녹아내 우린 서로 앞을 주저하고 현실 속에 무너져 가던 이런 나를 잊어가게 해 I'm telling the truth 너에게 가는 중 이젠 나를 봐줘 내가 다가갈게 천천히 아주 천천히 손짓만으로 알 수가 있지 너가 얼마나 착한 애인지 우리가 지나왔던 시간들이 이제야 날 버티게 해 우린 서로 앞을 주저하고 현실 속에 무너져 가던 이런 나를 잊어가게 해 I'm telling the truth 너에게 가는 중 이젠 나를 봐줘 내가 다가갈게 천천히 아주 천천히 ,35147,happy
14,경서,밤하늘의 별을(2020),2020-11-14,밤하늘의 별을 따서 너에게 줄래 너는 내가 사랑하니까 더 소중하니까 오직 너 아니면 안 된다고 외치고 싶어 그저 내 곁에만 있어줘 떠나지 말아줘 참 많이 어색했었죠 널 처음 만난 날 멀리서 좋아하다가 들킨 사람처럼 숨이 가득 차올라서 아무 말 하지 못했는데 너는 말 없이 웃으며 내 손 잡아줬죠 밤하늘의 별을 따서 너에게 줄래 너는 내가 사랑하니까 더 소중하니까 오직 너 아니면 안 된다고 외치고 싶어 그저 내 곁에만 있어줘 떠나지 말아줘 널 좋아하는 내 마음이 표현이 안 돼 꿈이 아니면 좋겠어 자꾸 웃음 나와 내 모든 걸 다 준대도 너에겐 아깝질 않아 이 순간이 영원하길 난 정말 행복해 밤하늘의 별을 따서 너에게 줄래 너는 내가 사랑하니까 더 소중하니까 오직 너 아니면 안 된다고 외치고 싶어 그저 내 곁에만 있어줘 떠나지 말아줘 그저 내 곁에만 있어줘 떠나지 말아줘 많고 많은 사람 중에 너를 만나서 행복하고 싶어 두 번 다시 울지 않을래 오직 내 눈에는 너만 보여 나를 아껴줘 이제부터 혼자가 아니야 우린 함께니까 나나나 난난 난난나 나나나 난난 난난나 나 나나나 난난 난난나 나나난나 나나나 난난 난난나 나나나 난난 난난나 나 나나나 난난 난난나 나나난나 ,197543,happy
15,CHEEZE (치즈),이렇게 좋아해 본 적이 없어요,2021-03-14,따스한 바람이 불어오는 날엔 포근한 미소로 나를 또 반겨주던 그대란 사람 설레는 이 맘 이렇게 난 너에게 빠졌나 봐 무심한 듯 곁을 지켜주던 그대 느껴본 적 없는 이런 설렘이 누군가를 짝사랑하는 마음인가 봐 그냥 아쉬움만 남는걸 이렇게 좋아해 본 적이 없어요 눈만 뜨면 그대가 참 보고 싶어요 오늘은 그대 내 곁에서 그저 머물러줘요 그리고 내 손잡아 주세요 꼭 안아 주세요 나를 데려다주던 그날 밤 문득 내게 건넨 그 한마디에 괜스레 얼굴이 붉어지고 조심스럽게 oh oh oh 그대에게 oh oh oh 사랑스러운 그대 귓가에 속삭여줄게요 사실 그대와 있던 모든 순간은 내게는 소중하고 너무나 고마워서 정말 아름다워요 조심스럽게 oh oh oh 그대에게 oh oh oh 사랑스러운 그대 귓가에 고백해볼게요 이렇게 좋아해 본 적이 없어요 눈만 뜨면 그대가 참 보고 싶어요 오늘은 그대 내 곁에서 그저 머물러줘요 그리고 내 손잡아 주세요 꼭 안아 주세요 부담스럽지 않게 다가가 볼게요 부디 날 미워하지 말아요 그저 매일 이렇게 날 보며 웃어줘요 더는 바랄 게 하나 없죠 이렇게 좋아해 본 적이 없어요 눈만 뜨면 그대가 참 보고 싶어요 오늘은 그대 내 곁에서 그저 머물러줘요 그리고 내 손잡아 주세요 꼭 안아 주세요 ,67373,happy
16,멜로망스,선물,2017-07-10,빛이 들어오면 자연스레 뜨던 눈 그렇게 너의 눈빛을 보곤 사랑에 눈을 떴어 항상 알고 있던 것들도 어딘가 새롭게 바뀐 것 같아 남의 얘기 같던 설레는 일들이 내게 일어나고 있어 나에게만 준비된 선물 같아 자그마한 모든 게 커져만 가 항상 평범했던 일상도 특별해지는 이 순간 별생각 없이 지나치던 것들이 이제는 마냥 내겐 예뻐 보이고 내 맘을 설레게 해 항상 어두웠던 것들도 어딘가 빛나고 있는 것 같아 남의 얘기 같던 설레는 일들이 내게 일어나고 있어 나에게만 준비된 선물 같아 자그마한 모든 게 커져만 가 항상 평범했던 일상도 특별해지는 이 순간 너를 알게 된 뒤 보이는 모든 것들이 너무 예뻐 보여 그렇게 신난 아이처럼 순수한 사람이 된 것 같아 나에게만 준비된 선물 같아 자그마한 모든 게 커져만 가 항상 평범했던 일상도 특별해지는 이 순간 깊은 사랑에 빠진 순간 ,334594,happy
17,정준일,있잖아 널 사랑해,2016-12-29,따뜻한 봄바람처럼 상냥하게 내게 불어오던 너 찬란하게 피어나던 여름의 꽃처럼 반짝이던 너 널 사랑해 아무도 들을 수 없게 내 귓가에만 들리게 밤새워 준비한 서툰 고백 있잖아 널 사랑해 온종일 네가 아른거릴 때 몇 번씩이나 네 안부가 궁금할 때 무심히 너의 사진을 보다가 하염없이 뜬 눈으로 지새던 밤 있잖아 내가 널 정말 좋아하게 됐나봐 처음조차 기억나지 않는 너를 향한 시작 서툴고 모자란 내가 너를 아프게 할까봐 움츠린 내 마음을 너는 알까 따뜻한 봄바람처럼 상냥하게 내게 불어오던 너 찬란하게 피어나던 여름의 꽃처럼 반짝이던 너 널 사랑해 아무도 들을 수 없게 내 귓가에만 들리게 밤새워 준비한 서툰 고백 있잖아 널 사랑해 따뜻한 봄 향기처럼 잠시만 네 곁에 머물 수 있게 불어오는 바람 되어 흐르는 눈물 내가 닦아줄 테니 널 사랑해 밤새워 준비한 말 설레어 못하는 말 이제서야 네게 고백할게 나는 너를 사랑해 나는 너를 사랑해 ,25523,happy
18,멜로망스,사랑인가 봐,2022-02-18,너와 함께 하고 싶은 일들을 상상하는 게 요즘 내 일상이 되고 너의 즐거워하는 모습을 보고 있으면 자연스레 따라 웃고 있는 걸 너의 행동에 설레어하고 뒤척이다가 지새운 밤이 많아지는데 이건 누가 봐도 사랑일 텐데 종일 함께면 질릴 텐데 나 돌아서도 온통 너인 건 아무래도 사랑인가 봐 점점 너와 하고 싶은 일들 생각하면서 하룰 보낸 날이 많아지는데 이건 누가 봐도 사랑일 텐데 종일 함께면 질릴 텐데 나 돌아서도 온통 너인 건 아무래도 사랑인가 봐 너의 행복해하는 모습을 보고 있으면 나도 모르게 따라 웃는데 이 정도면 알아줄 만하잖아 너도 용기 낼만 하잖아 나만 이런 게 아니라면 우리 만나볼 만하잖아 아무래도 사랑인가 봐 ,147178,happy
19,10CM,서랍,2021-12-07,어린 햇살 아래서 뛰어놀곤 했었던 가쁜 숨결 굽이진 골목 지나 길을 따라가보면 같은 기억 어른이란 시간은 아직 어색하게도 나를 채워 많은 게 변했다 해 여긴 그대로인걸 You’ll feel the same 땀에 젖어 놀았던 우리는 너와 난 이젠 돌아갈 순 없지만 낡아진 서랍 속에서 작았던 서롤 기억해 When I’m far from home Always 떠올라 난 아직도 반짝이던 네 두 눈 마주 보던 그림자 마주 보던 우리는 여기 still same 시간은 언제나 날 울리는 존재지만 놓질 못해 많은 게 더 지날 땐 여긴 또 하나의 Our home 그땐 우린 어딜까 낡아진 서랍 속에서 작았던 서롤 기억해 When I’m far from home Always 떠올라 난 아직도 반짝이던 네 두 눈 혼자서 숨겼던 널 향한 마음은 알게 하진 않을 거야 널 볼 수 있다면 그걸로 충분해 담을게 두 눈에 언제든 항상 낡아진 서랍 속에서 작았던 서롤 기억해 When I’m far from home Always 떠올라 난 아직도 반짝이던 네 두 눈 ,65760,happy
20,정효빈,처음이라서,2019-04-16,떨어질 줄 몰랐던 너의 품도 잡은 손에 스치던 봄바람도 떨리던 입맞춤도 맞춰 걷던 걸음도 내겐 모두 처음이라서 고된 하루 끝을 토닥여 준 것도 작은 편지로 큰 눈물을 준 것도 벚꽃과 여름바다 단풍과 함박눈이 처음이라서 힘든가 봐 나의 첫 사람이 내 첫사랑이 너라서 처음이라서 유난히 아픈가 봐 시간이 지나면 다 무뎌지는 날 언젠가 오겠지 그때까지만 더 아파해볼게 누군가를 위한 노랠 부른 것도 세상에 누군가를 자랑한 것도 너를 떠올리는 게 나를 떠올리는 일이 되는 게 익숙해져 버려서 나의 첫 사람이 내 첫사랑이 너라서 처음이라서 유난히 아픈가 봐 시간이 지나면 널 보며 웃는 날 언젠가 오겠지 그때까지만 더 아파해볼게 사실은 겁이 나 이젠 어딜 가도 너와의 추억만 있을까 봐 그래도 처음이라 힘든 거니까 더 아픈 거니까 처음엔 다 그런 거니까 고생했어 많이 행복했었어 너라서 다 너라서 유난히 좋았나 봐 시간이 지나면 먼 추억이 되어 언젠간 웃겠지 참 좋았어 네가 내 처음이라서 ,58777,sad
21,포맨 (4MEN),눈 떠보니 이별이더라,2017-10-24,분명 나는 꿈을 꾼 거다 눈 떠보니 이별이더라 휴대폰을 확인해 봤더니 다시 봐도 이별이더라 헛웃음만 흘러나왔고 두 다리는 풀려 버렸고 문득 스친 네 얼굴 생각나 눈물이 하염없이 쏟아지는데 대체 무슨 짓을 한 건데 엎질러진 물에 난 젖은 채로 꼼짝 못하고 그 수많은 이별 뒤에도 넌 분명히 사랑이었다 정말 내 옆에 있었잖아 늘 여기 있었잖아 네가 날 떠나가면 그냥 가버리면 이런 식이면 나 곤란한데 눈 떠보니 이별이더라 이건 절대 현실이 아니야 눈 감으면 꿈이 될 거야 애써 부정해봐도 이별이 맞잖아 눈물마저 말라버리고 네 이름만 중얼거리고 움직이지 못하고 웅크린 채 너만 외치고 그 수많은 이별 뒤에도 넌 분명히 사랑이었다 정말 내 옆에 있었잖아 늘 여기 있었잖아 네가 날 떠나가면 그냥 가버리면 이런 식이면 나 곤란한데 꿈만 같던 사랑도 다 이별하면 현실이야 알람 하나 없이 깨어나 한 번만 더 기회를 줘 다시 하면 잘할 텐데 내가 바보 같아 화가 나 참을 수가 없다 그 수많은 이별 뒤에도 당연하게 이별이 온다 정말 가슴을 찢어 놔도 네가 날 짓밟아도 나 아닌 딴 사람과 평생 사랑해도 나는 너 아니면 곤란한데 평생 나는 너 아니면 안 되는데 눈 떠보니 이별이더라 ,115695,sad
22,이우,내 안부,2019-07-16,내 소식 들었지 너와 헤어지고 참 많이 울고 힘들게 버티다 이해심이 많은 좋은 사람을 만나서 나는 잘 지내고 있어 그런데 이상해 아직 넌 힘들어한다는 얘길 전해 들으니 네가 좀 걱정돼 그녀에게 미안하지만 자꾸 네가 생각나 어떻게 지내 네 안부 참 궁금한데 날 잊고 행복하길 바랬는데 예쁜 사랑 하기를 바랬는데 잘해주지 못한 날 왜 잊지 못하니 들려오는 너의 안부 못 들은 척 지나갈걸 그게 안돼 지금 여자친구 힘들 때 내 곁으로 와 너의 기억을 하나씩 지워줬어 고맙게 나는 나쁜 놈인 가봐 고작 너의 안부에 가슴이 뛰고 왜 눈물이 나는 건데 날 잊고 행복하길 바랬는데 예쁜 사랑 하기를 바랬는데 잘해주지 못한 날 왜 잊지 못하니 들려오는 너의 안부 못 들은 척 지나갈걸 헤어짐을 말한 너를 미워도 하고 후회하며 지내기를 바랬어 널 잊고 행복하게 잘 살았는데 예쁜 사랑 다시 시작했는데 다 잊었다 생각하고 지내왔는데 들려오는 너의 안부에 결국 무너졌어 ,64527,sad
23,윤토벤,서툰 이별을 하려해 (Feat.전상근),2019-08-01,우리 이제 헤어지기로해 너도 알잖아 우린 충분했다는걸 이별이 무서워 자꾸 피해보지만 이젠 정말 끝인걸 우리 사랑이 우리 추억이 이젠 끝나가지만 함께한 기억은 내가 다 가져갈게 끝이란걸 알지만 끝이라고 안할게 내눈에 비친 네 모습이 날 나쁘게 만들어 나 이제 너와 서툰이별을 하려해 많이 아프겠지만 이제 정말 헤어지려해 가끔 혼자 견디기 힘들어 나도 몰래 널 부르게되면 그냥 지나쳐줘 서툰이별이라서 그래 혹시 그때의 서로를 조금더 이해했더라면 우린 조금은 달라졌을까 이제와서 이러는 내가 너무 이기적인가봐 내눈에 비친 네 모습이 날 나쁘게 만들어 나 이제 너와 서툰이별을 하려해 많이 아프겠지만 이제 정말 헤어지려해 가끔 혼자 견디기 힘들어 나도 몰래 널 부르게되면 그냥 지나쳐줘 서툰이별이라서 그래 우리의 최선은 여기까지인거같아 수고많았어 이젠 널 보낼게 같은 추억속에 우리를 이젠 보내줘야해 애써 그냥 웃으며 아무렇지 않게 널 보낼게 우리 이제 정말 이별을 하려해 많이 아프겠지만 많이 힘들겠지만 혹시 우리가 다시 만나게 되는 날이 다가오면 그땐 꼭 안아줘 많이 보고싶었다고 말해줘 ,81248,sad
24,사이로(415),우리 둘 사이로,2019-08-29,Forget me close your eyes Forget me close your eyes 돌아보지 않을 거야 나 이제 Forget me close your eyes Forget me close your eyes 돌아보지 않을 거야 나 이제 Forget me close your eyes Forget me close your eyes woo leak out 우리 둘 사이로 아무렇지 않을 너는 이 맘 알고 있을까 두려워 널 보낼 때가 돼버린 걸까 이제 매일 헤매이는 밤 잠들 때마다 미워지지만 괜찮아 하루에도 난 수백 번 고민해 너 없을 때에도 그날 너에게 전할 얘기가 나를 자꾸 괴롭히는 걸 내일이면 다 지워버려야지 이젠 이번에는 널 다 잊을 수 있을까 Forget me close your eyes Forget me close your eyes 돌아보지 않을거야 나 이제 Forget me close your eyes Forget me close your eyes woo leak out 우리 둘 사이로 네가 없는 나의 하루는 어떨진 몰라 근데 자꾸만 내 맘이 조금씩 나도 모르게 흘러가는 걸 그저 서롤 힘들게 굴지 않아도 되는 날에 행복하길 바래 하루에도 난 수백 번 고민해 같이 있을 때에도 지금 너에게 전할 얘기가 너를 더 아프게 하는 걸까 내일이면 다 지워낸 뒤겠지 이젠 이번에는 널 다 잊을 수 있을까 Forget me close your eyes Forget me close your eyes 돌아보지 않을 거야 나 이제 Forget me close your eyes Forget me close your eyes woo leak out 우리 둘 사이로 그날이 그립겠지만 잊을 수 없게 됐지만 이제 돌이킬 수 없는 날이 됐지만 같은 시간 속 우린 다른 하룰 그리워하며 흘러가겠지 I just wanna get away with it Forget me close your eyes Forget me close your eyes 같이 나눈 그 순간은 눈 감으면 잊혀질까 Forget me close your eyes Forget me close your eyes woo leak out 우리 둘 사이로 ,5998,sad
25,펀치 (Punch),안녕 내 전부였던 너,2021-03-10,안녕 안녕 이제 인사를 해야지 너와 나의 이별인데 아니 아니 나는 그게 안될것 같아 너를 보내는 일 영활보고 밥을 먹는 일도 손을 잡고 거릴 걷는 일도 앞으로는 혼자란 사실에 그게 나를 울게 만드는걸 안녕 내 전부였던 너 사랑해 너라서 난 좋았어 다신 너 같은 사람 만날수 없을거야 잘가 고마워 사실 사실 너도 많이 힘들었겠지 이별을 말하기 조금만 더 참을순 없었니 한번만 더 기횔 줄 순 없니 너에게 난 말하지 못했어 좋은 기억 마저 사라질까봐 안녕 내 전부였던 너 사랑해 너라서 난 좋았어 다신 너 같은 사람 만날수 없을거야 잘가 고마워 너무 아파서 소리도 낼 수 없어 너를 어떻게 나 잊겠니 제발 이 말만 듣고 가 진심을 다해 사랑했단 말 잊으라는 건 못해 난 그냥 이게 편해 미안 내 사랑 ,14135,sad
26,주보라,네가 없다 (Without You),2013-02-19,서툰 작별이었는지 아련한 슬픔 속에 눈물이 멈추질 않아 너무나 어렸던 걸까 내 이기적임에 너를 보내고 말았던 걸까 우리 헤어지자고 말한지 딱 하루 뒤 잠깐의 실수였단 걸 뒤늦게 깨달아버린 순간 아침마다 듣던 네 목소리 따스한 네 품이 벌써 그리운 내가 싫어져 바보처럼 너를 버린 내가 왜 이제와서 눈물을 흘리는지 내 마음을 알 수 없는게 더 아파 서툰 사랑이었을까 나 항상 너에게 없는 사람처럼 느껴질때가 많았어 우리 헤어지자고 말한지 딱 하루 뒤 잠깐의 실수였단 걸 뒤늦게 깨달아버린 순간 아침마다 듣던 네 목소리 따스한 네 품이 벌써 그리운 내가 싫어져 바보처럼 너를 버린 내가 왜 이제와서 눈물을 흘리는지 내 마음을 알 수 없는게 더 아파 이미 뱉어버린 작별인사 안에서 우리 사랑했던 그 기억들만 아침마다 듣던 네 목소린 이제 어제처럼 오늘도 나에게 널 사랑한다 할 것만 같은데 들리지 않아 바보처럼 너를 버린 내가 왜 이제와서 눈물을 흘리는걸까 내 마음을 알 수 없는게 더 아파 ,2948,sad
27,펀치 (Punch),Done For Me,2019-08-18,지울게 너에게 남겨줬던 추억까지도 바랄게 너와의 기억도 남지 못하게 더는 다가갈 수 없어 네게 이런 마음이 너무 두려워 너의 기억 모두 가져가 줘 다 지워줘 done for me 깨끗이 지워질 수 있을까 널 벗어날 수 있을까 사랑했던 기억도 다 비워낼 수 있을까 더 이뤄질 수는 없어 난 다가갈 수 없어 미친 듯이 뛰어가 너 없는 곳에 가 사랑은 갔고 남겨진 추억들은 아팠고 네가 내게 남겨줬던 기억은 가시가 됐고 다 사라졌으면 해 모두 지워졌으면 해 나 쉴 수 있게 널 떠날게 가질 수 없는 너란 걸 알고 있어 보낼게 너와의 기억 모두 다 버릴게 더는 다가갈 수 없어 네게 이런 마음이 너무 두려워 너의 기억 모두 가져가 줘 다 지워줘 done for me 나의 기억에서 떠나가줘 너의 추억들도 가져가 줘 지워줘 너의 그리움까지도 그리워도 그립지는 않게 모든 순간들을 잊어볼게 다 잊을게 너의 작은 흔적까지도 지울게 너에게 남겨줬던 추억까지도 바랄게 너와의 기억도 남지 못하게 더는 다가갈 수 없어 네게 이런 마음이 너무 두려워 너의 기억 모두 가져가 줘 다 지워줘 done for me 너를 떠날 수밖에 멀어질 수밖에 없으니까 이런 나를 제발 용서해줘 언젠가는 우리 다시 만날 수 있기를 done for me done for me ,100916,sad
28,송하예,니 소식,2019-05-11,그때의 우리 사랑 뜨겁고 치열했는데 끝나보니 남는건 미움뿐 몇번의 계절을 더 보내야 괜찮아 질까 미련이 듬뿍 남은 하루를 보내 친구들과 통화에 우연히 들은 니 소식 다른 사랑을 시작해 잘 지낸다고 한땐 소중했었고 많이 사랑했었던 우리둘은 이젠 남이 됐고 모르는 사람이야 넌 완벽히 잊었나봐 이렇게 넌 잘사는데 괜한 걱정을 했나봐 나만 힘든가봐 너도 내 소식을 전해 들었으면 좋겠어 아직은 좀 힘들어 한다는 미안한 마음갖고 가끔씩 날 생각해줘 그래야 내 맘이 좀 편할거 같아 니옆에 다른 사람 있다는게 참 낯설어 뭔지 모를 서운함은 이기적인 거니 한땐 소중했었고 많이 사랑했었던 우리둘은 이젠 남이 됐고 모르는 사람이야 넌 완벽히 잊었나봐 이렇게 넌 잘사는데 나만 끝을 미뤘나봐 나만 그랬나봐 솔직한 맘을 말하면 좋은 사랑 안했으면 해 가슴아프게 지내길 바랬어 너는 행복하겠지 많이 설레이겠지 나 없이도 웃는 니 모습에 이제야 실감이나 넌 완벽히 떠났나봐 확실히 날 떠났나봐 난 니가 너무 미워져 행복하지 말아줘 잘지내지 말아줘 좋은 사람 만나 다행이란 말은 거짓말이야 네 소식 들은 그날밤 펑펑 울다가 밤을 샜어 늦어버린걸 알지만 어쩔수 없나봐 ,195103,sad
29,V.O.S,잘 살고 있다,2019-12-02,한잔 술에 잊자 그만 나도 숨 좀 쉬자 제발 마치 주문처럼 매일 읊조렸던 넌 모르는 내 슬픈 혼잣말 친구들 통해 들은 네 소식 너무 잘 살고 있어 날 만날 때보다 더 너는 없었지만 억지로 삼킨 밥들이 친구가 되어줬던 술이 겨우 날 숨 좀 쉬게 해 많이 잊었어 이제 네 얼굴도 까마득해 잘 살고 있다 너처럼 두려워 듣기 싫던 네 소식 막상 듣게 되니 또 이별한 듯이 아파 너는 없었지만 억지로 삼킨 밥들이 친구가 되어줬던 술이 겨우 날 숨 좀 쉬게 해 많이 잊었어 이제 네 얼굴도 까마득해 잘살고 있다 너처럼 너 없는 많은 밤들이 혼자 버틸 날들이 아직 너무 많은데 가끔은 너 철없던 나의 장난에 입꼬리 올라가던 그 미소가 그리워 가진 건 없지만 널 가진 게 전부였어 그래서 무너졌나 봐 너밖에 없었으니까 언젠간 나도 나만 사랑해줄 사람 만나 잘 살고 싶다 너처럼 나도 그럴 수 있을까 ,38512,sad
30,황인욱,이별주,2019-11-01,오늘이 지나면 널 지워야겠지 흔들리는 이 술잔이 너의 마음 같아서 아무 말 안 해도 난 알 수가 있어 오늘 넌 이별을 말할 것 같아 하필 왜 이 포장마차니 우리 처음 만났던 이 자리에서 왜 눈물 나게 해 이 술잔을 마시고 나면 넌 이별을 말할 것만 같아 제발 이러지 마 나를 떠나지 마 다 소용없는 거잖아 이 술잔을 마시고 나면 너 혼자만 끝인 거잖아 우리가 왜 헤어져야 해 이 술잔을 비우지 마 제발 하필 왜 이 포장마차니 우리 매일 만났던 그 자리에서 왜 눈물 나게 해 이 술잔을 마시고 나면 넌 이별을 말할 것만 같아 제발 이러지 마 나를 떠나지 마 다 소용없는 거잖아 이 술잔을 마시고 나면 너 혼자만 끝인 거잖아 우리가 왜 헤어져야 해 이 술잔을 비우지 마 제발 이 한잔의 술잔을 마시면 난 너 없이 살아갈 수 있을까 이제 우린 남이 되겠지 이 술잔을 마시고 나면 이 한잔에 끝낼 거라면 넌 사랑을 말하면 안 되잖아 그때 왜 그랬어 날 왜 사랑했어 어차피 남이 될 거잖아 이 술잔을 마시고 나면 너 혼자만 끝인 거잖아 우리가 왜 헤어져야 해 이 술잔을 비우지 마 제발 ,60822,sad
31,MSG워너비(M.O.M),바라만 본다,2021-06-26,내가 너라면 다 알아볼 텐데 널 위할 사람 찾아낼 텐데 지난 오랜 시간 너의 그 곁을 지켜온 나라는 걸 내가 너였다면 참 행복할 텐데 한 사람을 다 가졌으니까 둔한 바보도 눈치챌 그 사랑을 너만 왜 모르니 너를 바라만 바라만 본다 외쳐 네 이름만 부른다 보고 싶은 맘에 너를 향한 그 발걸음 네 곁을 맴도는데 오늘도 그리고 그리워하다 애써 참았던 눈물이 흘러 그저 멀리서만 바라보다 또 소리쳐 네가 보고 싶다 네가 나라면 더 참 아팠을 텐데 슬픈 역할은 내가 맡을게 웃는 모습만 보이며 살아가 줘 내가 볼 수 있게 너를 바라만 바라만 본다 외쳐 네 이름만 부른다 보고 싶은 맘에 너를 향한 그 발걸음 네 곁을 맴도는데 오늘도 그리고 그리워하다 애써 참았던 눈물이 흘러 그저 멀리서만 바라보다 또 소리쳐 네가 보고 싶다 한 걸음 더 다가갈까 더 가까이 네게 갈까 OH 어제보다 더 내일 더 널 사랑해 I’ll make you love me someday 혼자 바라고 바라만 보다 울컥 그리움이 솟는다 바보 같은 맘에 하지 못한 그 한마디 널 사랑한다는 말 얼마나 그리고 그리워해야 내 맘 너의 곁에 닿게 될까 매일 하루 종일 너의 생각에 사무쳐 너무 보고 싶다 ,179238,sad
32,이우,이별행동,2019-10-06,자꾸만 연락을 피하고 바쁘다며 약속을 미루고 점점 변해가는 네 모습 무심한 말투 조금씩 넌 반대로 가고 있어 다급했던 이별의 순간들 아직도 난 거짓말 같아서 아름답게 웃던 네 모습 볼 수 없다고 생각하면 미칠 듯 아픈데 자꾸만 생각이나 너무나도 사랑했었고 그런 내겐 전부였는데 이젠 너와 난 반대로 살고 있나 봐 사랑해 너밖에 없단 말 그 말 너무나도 그리워서 너를 보낼 수가 없나 봐 너를 저 멀리 보이는 네 모습 웃고 있는 넌 잘 지냈나 봐 찾아가지 말걸 그랬어 믿고 싶었는데 영화 같은 일 내겐 없나 봐 나를 다 잊은 거니 너무나도 사랑했었고 그런 내겐 전부였는데 이젠 너와 난 반대로 살고 있나 봐 사랑해 너밖에 없단 말 그 말 너무나도 그리워서 너를 보낼 수가 없나 봐 행복해 보여 나 없이도 잘 지내는데 어떻게 난 널 잊고 살 수 있을까 웃으며 내 품에 안긴 너 너의 모습이 죽을 만큼 그리워서 보낼 수가 없잖아 너를 ,58649,sad
33,다비치,마치 우린 없었던 사이 (Prod. 정키),2018-07-12,비 내리는 날 창가에 앉아 서두르던 일상을 달래다 울적해진 마음잡고 써 내려가다 울컥 눈물만 헤어진단 게 낯설기만 해 하루하루를 그저 버티다가 누군가 내게 네 얘길 물을 때면 울컥 눈물만 어두워지면 밤하늘을 헤매다 잠시 잊었던 혼자라는 생각에 밤새 뒤척이다 네 생각에 잠 못 드는 날엔 그저 눈물만 다른 사람을 만난다면 그땐 꼭 바랄게 나보단 너를 더 이해하길 우리 뜨겁게 사랑했던 기억 모두 다 지우고 만난 적 없었던 것처럼 Oh You Oh You 마치 우린 없었던 사이 어두워지면 밤하늘을 헤매다 잠시 잊었던 혼자라는 생각에 밤새 뒤척이다 네 생각에 잠 못 드는 날엔 그저 눈물만 다른 사람을 만난다면 그땐 꼭 바랄게 나보단 너를 더 이해하길 우리 뜨겁게 사랑했던 기억 모두 다 지우고 만난 적 없었던 것처럼 그렇게 뱉어놓은 그 많은 말들은 없어 마치 우린 없었던 사이 다른 사람을 만난다면 그땐 꼭 바랄게 나보단 너를 더 이해하길 우리 뜨겁게 사랑했던 기억 모두 다 지우고 만난 적 없었던 것처럼 Oh You 마치 우린 없었던 사이 ,50062,sad
34,전상근,너무 보고싶어,2021-07-25,혼자 이별을 하고 가버리면 난 어떡하라고 너 없는 하루를 살아보고 너 없는 채로 잠들어본다 잊을 수 있다고 다짐을 해 보고 다 잊은 척 웃어도 보고 별일 아닌 듯 혼자 영화도 보고 너의 빈자릴 채워 본다 가끔 보고 싶어 견디기 힘들면 나 하루 종일 너를 찾아 헤매보고 손잡고 걷던 거리에 우두커니 서서 혹시 니가 올까 가슴 설레 본다 잘 살 수 있다고 다짐을 해 보고 태연한 척 웃어도 보고 드라마처럼 혼자 취해도 보고 널 잊으려고 하면 할수록 너무 보고 싶어 견디기 힘들어 비틀거리며 너를 또 찾아 헤매고 나란히 걷던 이 길에 나만 혼자 남아 눈물 삼키면서 너를 기다린다 날 그토록 사랑해주던 너란 사람은 어디까지 간거니 너무 보고 싶어 견디기 힘들어 오늘따라 난 니가 너무 보고 싶어 나 술에 취한 채 추억에 취한 채 비틀거리면서 너를 기다린다 다시 너를 기다린다 ,18728,sad
35,정키,부담이 돼 (Feat. 휘인 Of 마마무),2017-03-08,더는 할 말이 없어 다른 이유도 어떤 변명도 난 의미 없단 걸 알아 끝이란 게 다 그렇잖아 더는 물어보지 마 언제부턴지 왜 그런 건지 난 그저 함께한 이 모든 게 힘들었다고 말하잖아 니 품에 안기던 그날 밤에도 입을 맞추던 그 순간에도 나에게 그 모든 게 더는 너에게 말할 수 없는 상처로 남아 내겐 그 모든 게 다 부담이 돼 그렇게 내게 말하지 마 나도 내 맘을 어쩔 수 없는 걸 오늘까지도 많이 힘들었단 걸 너는 알고 있잖아 니 품에 안기던 그날 밤에도 입을 맞추던 그 순간에도 나에게 그 모든 게 더는 너에게 말할 수 없는 상처로 남아 내겐 그 모든 게 다 처음엔 나도 아무렇지 않았어 깊어지면 질수록 너에 품에서 문득 끝이라는 게 너무 두려워서 애써 괜찮은 척만 또 난 니 품에 안기던 그날 밤에도 입을 맞추던 그 순간에도 미안해 이해해줘 더는 너에게 말할 수 없는 그 모든 것이 내겐 부담이 돼 마주하는 지금에도 난 니 품에 안기던 그날 밤에도 입을 맞추던 그 순간에도 미안해 이런 나를 이해해줘 쉽지 않을 걸 알지만 더는 할 수 없는 걸 이 모든 게 ,134029,sad
36,펀치 (Punch),이 밤의 끝,2018-05-31,널 보면 나와 달라 이렇게 난 네 생각뿐인데 널 사랑했던 만큼 아파야 하는 걸까 난 이 밤의 끝을 잡고 잠 못 드네 차가웠던 시간이 다 지나가면 따스한 저 햇살들이 날 비춰 줄까 결국 우린 끝난 사이라 하지만 돌아올 것만 같았어 널 보면 나와 달라 왜 나만 또 네 생각뿐인데 끝이 보이지 않던 슬픔이 잦아들면 난 이 밤의 끝을 잡고 잠이 드네 네가 날 떠나고 후회한 나잖아 지금 넌 아무렇지 않을까 그 차가운 바람이 불어오는 게 난 무서워 다시 안을 수 있다면 난 다 할 텐데 너 없는 밤 아프게 지워가지만 내 맘은 널 그리워해 널 보면 나와 달라 누가 그래 넌 나와 같다고 끝이 보이지 않던 슬픔이 잦아들면 난 이 밤의 끝을 잡고 잠 못 드네 I'll always be with you all night 함께 했던 추억뿐이지만 난 이제 너를 모두 지울래 내 맘이 너무 아파서 널 보면 나와 달라 아직도 난 널 사랑하나 봐 그래 너라도 정말 행복하면 좋겠어 난 이 밤의 끝을 잡고 잠 못 드네 째깍 째깍 초침 소리 시간은 또 흐르는데 넌 어디에 있니 ,47764,sad
37,아이유,첫 이별 그날 밤,2010-12-09,멍하니 아무 일도 할 일이 없어 이게 이별인 거니 전화기 가득 찬 너와의 메시지만 한참 읽다 읽다 너의 목소리 마치 들린 것 같아 주위를 둘러보면 내 방엔 온통 너와의 추억투성이 이제야 눈물이 수고했어 사랑 고생했지 나의 사랑 우리 이별을 고민했던 밤 서로를 위한 이별이라고 사랑했단 너의 말을 믿을게  혹시 너무 궁금해 혹시 너무 그리우면 꼭 한 번만 보기로 해  너의 뒷모습 사라질 때까지 봤어 마지막이라서 나 먼저 떠나면 어깨 들썩여 우는 내 뒷모습 싫어서 수고했어 사랑 고생했지 나의 사랑 우리 이별을 고민했던 밤 서로를 위한 이별이라고 사랑했단 너의 말을 믿을게  혹시 너무 궁금해 혹시 너무 그리우면 꼭 한 번만 보기로 해  좀더 예뻐져도 훨씬 더 세련되져도 후회하지 마 나를 놓친걸 누군가 딴 사람 만나면 내게 들리도록 막 자랑해줘  그때서야 끝낼게 내게 돌아올지 모를 너를 꿈꾸는 그 밤을 할말 끝 안녕 내 사랑     ,93381,sad
38,빅마마,하루만 더,2021-06-24,하루만 더 우리 이별을 늦춘다면 어땠을까 그럴 일 없다는 걸 나는 알면서도 아직 널 보낼 수가 없나봐 한번만 나 이렇게 널 불러볼게 오늘까지만 그리워할게 끝이 보이지않아 내 사랑은 가슴깊이 이별을 남기고 새까맣게 흉터가 되어도 또 다시 너를 그리워해 내 전부인 널 단 하루만 더 너를 사랑할게 단 한순간도 못 잊어 너 없는 세상이 너무나 아파서 무너져가 다시 돌아와줘 시간에 기대어 애써봐도 이별은 왜 계속 선명해질까 잘 지내란 인사 못할 것 같아 오늘까지만 눈물 흘릴게 oh 혼자 남은 내 맘을 이해해줘 네 흔적이 그대로 남아서 내 입술이 추억을 부르고 여전히 너를 사랑한다 내 전부인 널 단 하루만 더 너를 사랑할게 단 한순간도 못 잊어 너 없는 세상이 너무나 아파서 무너져가 다시 돌아와줘 시간에 기대어 애써봐도 이별은 왜 계속 선명해질까 우리의 이별 끝에 아직도 서있어 지금도 네게 하고 픈 말 뜨겁게 널 사랑한다고 단 한순간도 못 보내 너 없는 세상이 너무나 아파 목이 메어와 정말 끝난거니 참 행복했었던 그때 우린 추억마저 사라지고 있잖아 ,58506,sad
39,전상근,오늘따라 더 미운 그대가,2021-06-13,조금은 괜찮다 생각했는데 이제는 잊혀질 때도 됐는데 아무렇지 않다가도 그대가 없단 게 아직 나에겐 어색한 걸까 벅차도록 행복했던 그때가 그리워서 추억이 녹아든 거릴 혼자 걸을 때면 자꾸만 눈앞에 그대가 선명히 보이네요 그댄 아직도 왜 내 맘속에 살고 있나요 지금 그대는 나 없이도 행복하나요 조금은 그대도 나처럼 아프긴 하나요 아직 난 이별이 서투네요 하나도 괜찮지가 않네요 오늘따라 더 미운 그대가 너무 보고 싶죠 지워보려 애를 쓰고 아무리 외면해도 추억은 더욱 아름답게 짙어져 가네요 견뎌온 시간만큼 더욱더 아픔이 커지네요 그댄 아직도 왜 내 맘속에 살고 있나요 지금 그대는 나 없이도 행복하나요 조금은 그대도 나처럼 아프긴 하나요 아직 난 이별이 서투네요 하나도 괜찮지가 않네요 오늘따라 더 미운 그대가 너무 보고 싶죠 달랠 길 없는 이 마음을 어떡하나요 난 아직도 그댈 사랑하는데 지금 그대는 이런 나를 알고 있나요 하루하루를 추억 속에 살고 있네요 아직 난 모든 게 서투네요 괜찮지가 않아요 오늘따라 더 미운 그대가 너무 보고 싶죠 오늘따라 행복할 그대가 너무 미워요 ,25819,sad
40,어반자카파,아직도 나를 사랑한다면,2016-05-27,노래를 불러요 우릴 헤어지게 만든 그 노래를 이 일만 끝나면 더 잘할 수 있다고 그댈 괴롭히던 그 노래를 불안한 우리가 더 좋은 얘길 만들어 주겠죠 이런 거 싫지만 그댈 더 원하지만 결국 만들었네요 이 노래를 아직도 나를 사랑한다면 혹시 아직 나를 기다리면 전활 걸어줘요 아직도 나를 사랑한다면 혹시 아직 나를 기다리면 아직도 나를 사랑한다면 혹시 아직 나를 기다리면 전활 걸어줘요 아직도 나를 사랑한다면 혹시 아직 나를 기다리면 ,7655,regret
41,수지,I Love You Boy,2017-10-11,그댈 보기 위해 먼 길을 건너왔네요 힘든 길인걸 알면서도 그저 걸었죠 I fly for you 눈감아도 보이지 않던 내 맘에 니가 다가와 Because i love you boy 내 곁으로 다가와요 Because i need you boy 꿈에서도 그리운걸 Remember i love you boy 다신 볼 수 없다 해도 Because i love you boy Because i love you boy 사랑해요 사랑해요 너와 함께한 기억들이 바람에 날려 지친 내 맘에 내려앉아 나를 웃게 해 안개 속을 헤메이던 전하지 못한 내 맘이 네게 다가가 Because i love you boy 내 곁으로 다가와요 Because i need you boy 꿈에서도 그리운걸 내 차가운 맘을 움직였던 가슴을 울게 했던 그 사람이 그댄걸요 정말 잊으려고 해도 지워내려 해도 내 사랑은 그대죠 I fly for you Because i love you boy 내 곁으로 다가와요 Because i need you boy 꿈에서도 그리운걸 Remember i love you boy 다신 볼 수 없다 해도 Because i love you boy Because i love you boy 사랑해요 사랑해요 ,33264,regret
42,박새별,사랑이 우릴 다시 만나게 한다면,2013-05-28,사랑이 우릴 다시 만나게 해준다면 나 그대에게 해주고 싶은 말이 너무 많아요 그댈 보내고 내가 얼마나 많은 밤들을 혼자 그리워하는지 그댄 그댄 모르죠 사랑이 우릴 다시 만나게 해준다면 나 그땐 좀 더 온전히 그대를 사랑할게요 어렸었던 우리 지난 날 엇갈림 속에 수많은 차가운 말들로 서롤 얼마나 아프게 했는지 혹시 날 사랑하나요 혹시 날 미워하고 있나요 내게 말해줘요 더 이상 난 아무런 의미 없을까 겁이 나요 사랑이 우릴 다시 만나게 해준다면 긴 시간 너머 언젠가 그대 보일 때까지 내가 기다릴게요 아직까지 선명히 기억나는 풍경 하나 내 머릴 쓰다듬던 익숙한 손길 이별을 말하던 그대 혹시 날 사랑하나요 혹시 날 미워하고 있나요 나 없는 하루가 그댄 아무렇지 않나요 잘 지내지 말아요 어디에 있나요 그대 지금도 난 이렇게 그대가 보고 싶은데 혹시 날 사랑하긴 했나요 혹시 그대도 날 사랑한다면 내가 기다릴게요 언젠가 그대 내게 다시 돌아올 수 있다면 사랑이 우릴 다시 만나게 한다면 ,12564,regret
43,폴킴,사랑 알 수 없나봐,2018-12-16,사랑 알 수 없나 봐 어떤 마음인지 자꾸 의심하게 돼 청개구리처럼 반대로 하게 되는 게 영리한 건지 어리석은 건지 나 할 수 없나 봐 풀어보려 할수록 더 엉켜버리는 머리론 알겠는데 내 마음은 그게 잘 안돼 그게 잘 안돼 널 보낼 수가 없어 내게 짓던 네 웃음 나를 잡았던 손길 아직 선명해 나 후회해 그땐 왜 그랬는지 눈을 감아도 네 모습 사라지지를 않아 지우고 싶지 않아 정말 미안해 오 미안해 내가 잘못했어 돌아와 사랑 알 수 없나 봐 나를 다독이는 너의 손길 때문에 떠나려 하잖아 아무 말 하지 마 무섭단 말야 아무 말 하지 마 아직 널 보낼 수가 없어 투덜대던 네 입술 눈으로 나눈 사랑 아직 선명해 나 후회해 그땐 왜 그랬는지 하루 온종일 네 모습 사라지지를 않아 지우고 싶지 않아 정말 미안해 오 미안해 내가 잘못했어 돌아와 혹시 돌아올지도 몰라 그래 분명히 너도 내가 그리울 거야 사랑하지만 헤어질 수 있다는 그 거짓말 아직 지키지 못한 약속 내겐 너무 많은데 다 해줄 수 있는데 다시 만나면 꼭 말할게 우리 함께하자 영원히 ,41914,regret
44,길구봉구,"다시, 우리",2018-05-24,뚜루루 온종일 비가 내렸지 눅눅히 젖은 신발을 보다가 엉겨 붙어버린 기억의 먼지 한 줌이 빗물에 씻겨지질 않네 아무리 우산을 써봐도 내 맘은 젖어만 가 다시 널 불러 사랑했던 그때로 가슴이 아파 넌 들을 수도 없잖아 너 다시 돌아오라고 네가 보고 싶다고 노래해 내게로 와 다시 우리 다시 푸르른 하늘이 오랜만이라 널려있었던 옷을 주워담다가 오 너의 흔적들이 아직도 여기저기에 온기로 남아 있었구나 빨래를 돌려 바래버린 때를 지운들 그때가 지워질까 다시 널 불러 사랑했던 그때로 가슴이 아파 넌 들을 수도 없잖아 너 다시 돌아오라고 네가 보고 싶다고 노래해 내게로 와 다시 우리 다시 그대 두고 간 베갠 젖어 있고 네 칫솔은 내 맘처럼 말라가 하나씩 버리고 흔적을 지워 봐도 내 맘은 너를 쳐낼 수가 없는걸 시간을 돌려 사랑했던 그때로 가슴이 아파 너 다시 돌아오라고 네가 보고 싶다고 노래해 내게로 와 너를 기다려 네가 그리워 돌아와 ,33582,regret
45,소유 (SOYOU),길에서 (Feat. 적재),2019-12-23,하루 종일 비가 와서 니 얼굴이 또 생각 나 눈물이 났어 한 걸음 더 걸어가면 잊혀질까 봐 비를 맞으며 서 있었어 차갑게 젖어 버린 내 가슴 안에서 아직도 아직도 널 부르잖아 이 길에서 널 만날 수 있다면 그 날처럼 널 보내지 않을 거야 눈물이 멈춘대도 너를 지울 수는 없을 것 같아 너 올까봐 어느새 그친 빗줄기에 니 모습도 사라졌어 보이지 않아 한번만 더 한번만 더 보고 싶어서 마른 하늘에 널 그렸어 차갑게 식어 버린 내 목소리 마저 아직도 이렇게 널 부르잖아 이 길에서 널 만날 수 있다면 그 날처럼 널 보내지 않을 거야 눈물이 멈춘대도 너를 지울 수는 없을 것 같아 니가 다시 올까봐 기다릴게 나 여기 서 있을게 늦기 전에 지금 내게 돌아와줘 이 길에서 널 만날 수 있다면 그 날처럼 널 보내지 않을 거야 눈물이 멈춘대도 너를 지울 수는 없을 것 같아 꼭 돌아와 날 안아줘 ,5946,regret
46,T.P RETRO (타디스 프로젝트舊),오늘도 그대만 (Feat. 정동원),2017-02-28,봄날처럼 몰래 다가왔던 나의 그대 여름 같이 뜨거웠던 우리의 시간들 어느덧 찾아온 시린 겨울 혹시 그대 아프진 않을까 걱정돼요 그대에게 부족한 나라서 나 그렇게 그댈 붙잡지 못했죠 소리 없이 울먹이던 그대 그만하자는 그 말 다 거짓말이죠 오지 않는 전화를 붙잡고 후회만 하는 참 바보 같은 나 그땐 뭐가 그렇게 어려웠던 건지 조용히 그대 마음 안아줄 걸 우연처럼 다시 와줘요 내 품에 머물던 그대 온기 남았는데 그댈 사랑한 만큼 하루하루 겨우 버텨봐도 너무 아파 매일 그대 생각에 살아요 빗방울이 떨어지던 그 밤 우산처럼 기울던 그대와 나는 하염없이 눈물만 흘렸죠 돌아온다는 그 말 다 거짓말이죠 오지 않는 전화를 붙잡고 후회만 하고 있는 참 바보 같은 내가 그댈 사랑한 만큼 하루하루 겨우 버텨봐도 너무 아파 매일 그대 생각에 살아요 오늘도 술에 취해 그댈 부르고 후회만 하고 있는 참 이기적인 내가 우리 사랑한 만큼 지우기엔 너무 아픈 그대 이름 매일 그대 생각에 울어요 다시 내게 와줘요 ,101735,regret
47,박효신,별 시 (別 時),2018-04-30,You are my star 이 노래는 너야 불빛 하나 없는 길을 걷게 해 줄 기나긴 밤 쓰다 만 이 노래의 의미를 찾고 있어 나 여기서 두 팔 벌려 힘껏 달려와 내게 입 맞추던 그 눈빛을 그 사랑을 기다리고 있어 나였다면 언젠가 돌아본 그곳에 너를 바라보던 그 하늘이 나였다면 다시 나의 별이 되어줘 주머니 속 내 손을 꼭 잡고 형편없는 나의 말에 웃어주던 그리운 밤 아무 일 없는 듯이 전화를 걸고 있어 나 여기서 두 팔 벌려 힘껏 달려와 내게 입 맞추던 그 눈빛을 그 사랑을 기다리고 있어 나였다면 언젠가 돌아본 그곳에 너를 바라보던 그 하늘이 나였다면 내가 너의 밤이 돼 줄게 어느 멋진 날 너에게 줄 노래 ,61064,regret
48,장나라,그게 정말이니?,2003-12-03,후회는 없을거라고 그만큼 사랑했다고 지금 흔들리는 목소리로 이별을 얘기하는거니 사랑한 순간이야 그래 나도 기억하니까 니 말대로 후회는 없을꺼야 잊을순 없겠지만 그게 정말이니 너 돌아서는 모습이 정말 마지막이니 아무말 없이 너를 보내고 난 뒤에 후회하면 어떡하니 어쩌면 너의 말처럼 조금씩 잊혀진대도 아직까지는 나 단 하루도 너 없인 안되는데 그게 정말이니 너 돌아서는 모습이 정말 마지막이니 아무말 없이 너를 보내고 난 뒤에 후회하면 어떡하니 지금이라도 널 품에 안고 괜찮아 하면 돌아올꺼니 지나간 날에 이쁜추억 하나로 이렇게 너 남는거니 이렇게 멀어져 가는 그대 그저 힘없이 바라볼 뿐소리쳐 불러봐도 잡을수 없기에 이건 안 된다고 가지 말라고 제발 내곁에 있어 달라고 마음속으로 너를 한없이 불러도 아무 소용 없겠지만 자꾸 돌아보며 머뭇거리는 저 멀리 니 모습 때문에 너로 인해서 행복했던 나란걸 지금에야 알게 됐어 이렇게,9600,regret
49,이진성 (먼데이 키즈),Letter,2009-02-12,텅 빈 방안에 앉아 너의 사진을 본다 해맑았던 미소가 날 붙잡아 발이 떨어지질 않아 못난 나의 자존심땜에 많이 다퉜었지만 항상 내 걱정만 했던 너라서 이젠 내 맘이 아프다 못해준게 너무나 많아서 사랑한단 한마딜 못해서 아픈 가슴 꼭 잡고 너를 소리쳐 부른다 미안하다 많이 보고싶구나 혼자 남겨졌단 사실에 너무 슬펐었지만 이젠 너를 위해 기도를 할께 부디 아프지 않기를 못해준게 너무나 많아서 사랑한다 한마딜 못해서 아픈 가슴 꼭 잡고 너를 소리쳐 부른다 미안하다 많이 보고싶구나 혹시 나를 보고 있다면 지금이라도 내 얘길 들어줄 수 있다면 홀로 남겨뒀다 미안해 말아 그 맘 다 알아 나 기억할테니 괜찮아 함께여서 참 행복했는데 둘이라서 정말 좋았었는데 눈부시게 빛나던 우리 추억을 삼킨다 고마웠다 나의 친구여 안녕,9966,regret
50,경서예지,사실 나는 (Feat.전건호),2020-04-12,그땐 우리 둘 다 철없이 어리기만 했나 봐 태어나 처음 설레는 너를 만나서 세상에 부러울 거 하나 없이 좋았어 매일 너만 기다렸어 행복한 시간뿐이었어 너에게 받은 만큼 잘해주지 못해서 미안해 사실 나는 니가 보고 싶어 겉으로는 티 안 나게 사람들과 웃곤 해도 정말 많이 그리워 상처 줬던 말과 행동들 전부 미안해 후회돼 아직 니 생각뿐이야 그땐 나도 너무 어려서 사랑을 몰랐나 봐 태어나 처음 설레는 너를 만나서 세상에 부러울 거 하나 없이 좋았어 나도 너만 기다렸어 꿈같던 시간뿐이었어 너에게 사랑 주는 게 그렇게 좋았었어 사실 나도 많이 보고 싶어 겉으로는 티 안 나게 사람들과 어울려도 정말 니가 그리워 상처 줬던 말과 행동들 전부 미안해 후회돼 모두 되돌리고 싶어 더 잘해주고 아껴줬다면 내 곁에 있을까 헤어지기 전으로 돌아간다면 좀 더 노력하고 애쓸 텐데 이렇게 아플 걸 알면 절대 놓지 않을 텐데 정말 잘해줄 텐데 혹시 너도 그리웠다면 조금 니 맘도 내 맘과 같은 마음뿐이라면 당장 달려가 널 안고서 말하고 싶어 아직은 널 지우지 못한다고 널 보내기는 싫다고 후회하기는 싫다고 돌아와 줄래 나에겐 너뿐이라고 내겐 ,94210,regret
51,임영웅,사랑은 늘 도망가,2021-10-11,눈물이 난다 이 길을 걸으면 그 사람 손길이 자꾸 생각이 난다 붙잡지 못하고 가슴만 떨었지 내 아름답던 사람아 사랑이란 게 참 쓰린 거더라 잡으려 할수록 더 멀어지더라 이별이란 게 참 쉬운 거더라 내 잊지 못할 사람아 사랑아 왜 도망가 수줍은 아이처럼 행여 놓아버릴까 봐 꼭 움켜쥐지만 그리움이 쫓아 사랑은 늘 도망가 잠시 쉬어가면 좋을 텐데 바람이 분다 옷깃을 세워도 차가운 이별의 눈물이 차올라 잊지 못해서 가슴에 사무친 내 소중했던 사람아 사랑아 왜 도망가 수줍은 아이처럼 행여 놓아버릴까 봐 꼭 움켜쥐지만 그리움이 쫓아 사랑은 늘 도망가 잠시 쉬어가면 좋을 텐데 기다림도 애태움도 다 버려야 하는데 무얼 찾아 이 길을 서성일까 무얼 찾아 여기 있나 사랑아 왜 도망가 수줍은 아이처럼 행여 놓아버릴까 봐 꼭 움켜쥐지만 그리움이 쫓아 사랑은 늘 도망가 잠시 쉬어가면 좋을 텐데 잠시 쉬어가면 좋을 텐데 ,169270,regret
52,노형돈,이별을 통보받은 날,2021-10-11,그냥 똑같이 너를 만나서 그냥 평소와 같은 곳에 가서 이별을 통보받은 그날 나는 어떤 말을 해야 했을까 그날 똑같이 예쁜 얼굴로 그날 처음 만난 네 모습 그대로 사랑을 끝내자는 네 말 나는 어떤 말을 해야 했을까 아직 사랑한단 말도 서투른데 아직 끝내기엔 너무 많이 이른데 너를 만나서 너를 알아서 내가 참 많이 행복했었는데 이제 헤어진다는 걸 알면서 이제 보내줘야 하는 걸 너무 잘 알면서 너를 보내며 나를 달래며 혼자 널 잡을 말을 생각해 니 맘 몰라줬던 나를 탓하며 니 말 모른 척했던 그때를 탓하며 이별을 준비 못 한 내가 네게 어떤 말을 해야 했을까 아직 사랑한단 말도 서투른데 아직 끝내기엔 너무 많이 이른데 너를 만나서 너를 알아서 내가 참 많이 행복했었는데 이제 헤어진다는 걸 알면서 이제 보내줘야 하는 걸 너무 잘 알면서 너를 보내며 나를 달래며 혼자 널 잡을 말을 생각해 미안 미안 ,444,regret
53,이예준,사랑이 아니었다고 말하지 마요,2022-01-09,소중한 건 금방 달아날 것만 같아 너를 지우면 그게 나이긴 한 걸까 나의 어제이고 오늘인 너는 아파 눈 감으면 네 생각이 나 사랑했던 모든 날이 좋았어 어쩌려고 내가 너를 놓았을까 나의 세상 나의 시간 잊지 말아요 늘 그리워서 눈이 부시게 너로 반짝이던 가득 빛나던 밤 영원할 줄 알았던 우리의 그때를 사랑이 아니었다 말하지 마요 덜컥 네 생각에 참아왔던 마음이 손쓸 틈 없이 쏟아져 내려 오늘도 구름 낀 하늘 비가 올 것만 같아서 난 하염없이 네 생각이 나 바보처럼 아껴왔던 마음이 지칠 만큼 오늘따라 조금 벅차 나의 세상 나의 시간 잊지 말아요 늘 그리워서 눈이 부시게 너로 반짝이던 가득 빛나던 밤 영원할 줄 알았던 우리의 그때를 사랑이 아니었다 말하지 마요 내일의 너에게 난 어떻게 그려질까 점점 선명해질까 아님 잊혀져갈까 손 내밀면 닿을 것 같은 그때의 기억 늘 그리워서 모든 시간이 너로 가득했어 아련한 꿈처럼 소중하고 또 애틋한 우리의 그때를 사랑이 아니었다 말하지 말아요 ,27077,regret
54,이예준,그날에 나는 맘이 편했을까,2020-12-03,늘 똑같은 일로 싸우다 지친 우리 끝날 때 됐나 봐 너답지 않던 모습 더는 지켜보기 힘들었어 다시 주워 담기 힘든 말들 쏟아내고 집에 돌아왔어 그날에 나는 맘이 편했을까 다신 안 보겠단 각오로 니가 못한 숙제 한 거잖아 나는 사랑이 필요해 이만큼 아프면 충분해 니가 핀 담배만큼 난 울었어 니가 가장 듣기 싫어했던 얘기들만 뱉어내고 왔어 그날에 나는 맘이 편했을까 다신 안 보겠단 각오로 니가 못한 숙제 한 거잖아 나는 사랑이 필요해 이만큼 아프면 충분해 니가 핀 담배만큼 난 울었어 상처받았다고 말하지 말아줘 나를 더욱더 사랑해줬더라면 아니 처음부터 만나지 말았다면 행복했을까 정말 널 미워해서 이랬을까 이렇게까지 해서라도 우릴 되돌리고 싶었는데 나를 떠나는 이유가 너는 필요했던 거니까 내가 그 이유를 만들어줄게 미안한 마음들 갖지 않도록 ,82983,regret
55,신예영,우리 왜 헤어져야 해,2019-11-20,이런 말 하기까지가 참 어려워서 그대를 보낼 준비가 되질 않아서 아프고 또 아파서 이젠 무뎌진 걸까 나의 욕심인가 봐 서운한 말을 하는 게 너무 미안했어 그토록 바라고 또 바랬던 서롤 볼 수 없을까 봐 그랬나 봐 내가 헤어지고 나서야 궁금해진 말 우리 왜 헤어져야 해 혹시 내가 잘못 한 게 있다면 한 번 더 내게 기회를 준다면 내가 더 노력할게 네가 싫어하던 행동도 다신 하지 않을게 돌아와 나를 꼭 안아줘 마음이 변한 거라면 솔직했음 해 내가 좀 구차해지면 다 잊혀질까 널 다시 외면하고 지낼 수 있을까 원래 없었던 것처럼 나 정말 나는 헤어지기 싫어 네가 너무 보고파 네가 자꾸 생각나 내게 돌아와 줘 그때 널 붙잡지 못했던 나를 용서한다면 돌아와 나를 꼭 안아줘 많이 사랑하나 봐 비참해진 나지만 이렇게라도 해서 널 다시 만날 수 있게 되면 너무 밉다고 그냥 네게 안겨서 왜 이제서야 돌아왔냐고 울고불고 소리칠 텐데 나는 헤어지기 싫어 하고 싶은 말이 많은데 혼자 두고 가지 말라고 네 손을 붙잡아도 끝을 혼자 정해버리고 왜 날 두고 떠나가 다신 보지도 않을 사람처럼 아직 헤어지기 싫어 네가 아직 좋아서 찢어질 듯 아파와 그런 말 하지 마 내가 잘못 한 게 있다면 내가 미안하다고 제발 날 떠나지 말아 줘 ,126750,regret
56,#안녕,해요 (2022),2022-06-07,그녀와 나는요 그땐 참 어렸어요 많이 사랑했고 때론 많이 다퉜었죠 지금 생각하면 모두 내 잘못이죠 마지막 그날도 그녀는 울었어 나는 그녈 잡지 못했죠 지금까지도 너무 후회가 돼요 그 후로 누굴 사랑한 적 없어 아직은 그녀와 나는요 언젠가 만날 거죠 변해버린 모습 변해버린 시간 속에 하지만 괜찮아 내 눈엔 아름답던 예전 모습 그대로 일 거예요 그녀도 날 못 잊을 거야 나는 믿어요 그만큼 사랑했죠 그래서 우린 한 번은 만나야만 해요 그녀의 친구라도 이 노랠 듣는다면 그녀에게 전해줘요 내가 아직 사랑한다고 우리가 처음 만난 그 시간 그 자리에 내가 매일 기다린다고 언제라도 그녀도 날 못 잊을 거야 나는 믿어요 그만큼 사랑했죠 그래서 우린 한 번은 만나야만 해요 그녀의 친구라도 이 노랠 듣는다면 그녀에게 전해줘요 내가 아직 사랑한다고 우리가 처음 만난 그 시간 그 자리에 내가 매일 기다린다고 그녀의 친구라도 이 노랠 듣는다면 그녀에게 전해줘요 내가 아직 사랑한다고 우리가 처음 만난 그 시간 그 자리에 내가 매일 기다린다고 내가 매일 기다린다고 ,19112,regret
57,유주,날 떠나지마,2018-08-13,날 떠나지마 오늘 네 생각이 나 매일 밤 네 뒤에서 못 본 척하며 지냈어 너를 볼 수 있다면 다시 볼 수 있다면 그때 못 본 척 한 또 그런 일은 없을 것 같아 빈 잔이었다면 내가 가득 채울게 아름답던 날 그 모습까지 기억이 없다면 내게 바랬던 기억도 함께 지워줘 잊을 수 있게 기다려 떠나지마 오늘 네 생각이 나 매일 밤 네 뒤에서 못 본 척하며 지냈어 너를 볼 수 있다면 다시 볼 수 있다면 그때 못 본 척 한 또 그런 일은 없을 것 같아 진심이였다면 내가 노력해볼게 아름다울 날 그 모습까지 미련이 없다면 내게 말했던 약속도 모두 지워줘 잊을 수 있게 나의 곁에 있어줘 매일 널 기대하며 오늘도 네 뒤에서 괜찮은 척 난 지냈어 내가 할 수 있다면 너를 볼 수 있다면 내가 못 했던 말 그런 말을 전하고 싶었어 너를 사랑해서 너를 사랑해서 내가 혼자였던 밤이 지나면 날 안아줘 이제 돌아와 줘 그때가 그리워서 너를 사랑해서 너를 사랑해서 매일 밤 널 생각해 ,390,regret
58,선예,대낮에 한 이별,2022-02-04,마지막 인사를 주고받고 엉엉 울면서 서로를 한 번 꽉 안아 보고서 잘해준 게 하나도 없어 맘이 아프다며 서로의 눈물을 닦아 주었어 시간이 한참 지나고 나서 괜찮아지면 그때 친구로 다시 만나서 서로의 곁에 있어주잔 말을 남기고서 마지막으로 한 번 안아봤어 햇살이 밝아서 햇살이 아주 따뜻해서 눈물이 말랐어 생각보단 아주 빨리 죽을 것 같아서 정말 숨도 못 쉬었었어 근데 햇살이 밝아서 햇살이 밝아서 괜찮았어 헤어지기 직전에 그만 참지를 못하고 아주 바보 같은 질문을 했어 우리 혹시 헤어지지 않으면 안 되냐고 이제 얘기를 다 끝낸 후인데 그러자 너도 바보같이 대답을 못하고 멍하니 나만 바라보고 있어 우린 알고 있어서 너무 잘 알고 있어서 헤어지기가 너무 두려운 거야 햇살이 밝아서 햇살이 아주 따뜻해서 눈물이 말랐어 생각보단 아주 빨리 죽을 것 같아서 정말 숨도 못 쉬었었어 근데 햇살이 밝아서 햇살이 밝아서 괜찮았어 햇살이 밝아서 아픔을 잊을 수 있었어 햇살이 밝아서 눈물을 멈출 수 있었어 햇살이 밝아서 하늘이 너무 고마웠어 햇살이 밝아서 햇살이 밝아서 괜찮았어 괜찮았어 ,12671,regret
59,자신,보내야 할 때 보내지 못했어,2020-10-21,아직 너의 번호를 외우듯이 시간이 흘러도 여전한 추억 지우지 못한 한 사진 속 웃고 있는 우리가 예쁘다 처음 꽃을 선물하던 그날과 우리 처음 손 꼭 잡던 그날이 그렇게 아름답던 오래된 이야기가 이젠 너무 아픈 기억들로 남아 시간이 많이 흘러 누가 우릴 물을 때 아무렇지 않은 듯 웃는 날들도 올까 시간이 많이 지나 그런 날이 온다면 그땐 보내는 법을 배워볼게 우리 걷던 집 앞의 골목길 너 떠난 지 사계절이 지나 이젠 너 없이 혼자인 게 더 익숙한 난데 오늘따라 너무 보고 싶은 밤이야 시간이 많이 흘러 누가 우릴 물을 때 아무렇지 않은 듯 웃는 날들도 올까 시간이 많이 지나 그런 날이 온다면 그땐 보내는 법을 배워볼게 달이 지면 해가 뜨듯이 계절이 바뀌면 꽃이 피고 지듯이 언젠가 네 꿈을 꾸지 않게 될까 보고 싶어 하지 않는 날도 올까 만약은 없다지만 만약에 말이야 우리 서로 조금 더 솔직했더라면 쓰다듬으며 잠들고 웃으며 깨워주던 그런 하루가 여전했을까 사실은 돌아가고 싶어서 ,616,regret
60,백예린 (Yerin Baek),그럴때마다,2021-09-10,반복된 하루 사는 일에 지칠 때면 내게 말해요 항상 그대의 지쳐있는 마음에 조그만 위로 돼줄게요 요즘 유행하는 영화 보고플 땐 내게 말해요 내겐 그대의 작은 부탁조차도 조그만 행복이죠 아무런 약속도 없는 일요일 오후 늦게 잠에서 깨 이유 없이 괜히 서글퍼질 땐 그대 곁엔 세상 누구보다 그댈 이해하는 내 자신보다 그댈 먼저 생각하는 사람이 있죠 오랫동안 항상 지켜왔죠 그대 빈자리 이젠 들어와 편히 쉬어요  혼자서 밥 먹기 싫을 땐 다른 사람 찾지 말아요 내겐 그대의 짜증 섞인 투정도 조그만 기쁨이죠 아무런 약속도 없는 일요일 오후 누군가 만나서 하루 종일 거릴 걷고 싶을 땐 그대 곁엔 세상 누구보다 그댈 이해하는 내 자신보다 그댈 먼저 생각하는 사람이 있죠  오랫동안 항상 지켜왔죠 그대 빈자리 이젠 들어와 편히 쉬어요,33255,indifference
61,Collective Arts (콜렉티브아츠),나의 그늘,2017-07-27,나의 그늘이 좋다고 하는 너에게 무슨 말을 해야 좋을까 이 순간에도 가난한 나의 마음인데도 넌 왜 웃어 보일까 미운 말을 쏟아내 상처 주긴 쉬운데 넌 왜 아직 거기 서 있는데 해는 뜨지 않는데 내게 기댄 너는 나의 그늘이 좋대 어둠이 내리고 모두 떠나가도 가깝지 않은 곳 어디에서 너는 나의 믿음이 되어 미운 말을 쏟아내 상처 주긴 쉬운데 넌 왜 아직 거기 서 있는데 해는 뜨지 않는데 내게 기댄 너는 나의 그늘이 좋대 아 나의 그늘이 나의 그늘이 아 나의 그늘이 나의 그늘이 ,4344,indifference
62,Sondia,Moonlight,2019-12-31,Moonlight 나를 감싸안아 데려다줘 그럼 너의 온기를 간직하겠어 내가 어디에 숨어있든 다시 날 찾아줘 보기좋게 비껴나온 날 너의 빛으로 비춰줘 내 모든 발자욱과 내 창문 밖에 남은 너와 나의 흔적들 내 모든 것들이 다 그대로 남아 다시 날 채우네 Moonlight 내가 힘이 들 때 찾아와줘 그럼 네 빛을 따라 걸어가겠어 내가 어디에 숨어있든 다시 날 찾아줘 보기좋게 비껴나온 날 너의 빛으로 비춰줘 내 모든 발자욱과 내 창문 밖에 남은 너와 나의 흔적들 내 모든 것들이 다 그대로 남아 다시 날 채우네 ,4461,indifference
63,윤현상,잊는다는 게,2015-03-13,잊는다는 게 참 그래요 사랑하다가 이별하게 되면 그때서야 못해줬던 게 생각이 나요 꼭 어제 일처럼 추억이란 게 참 그래요 분명 내 맘속엔 아직 남아있는데 지나가면 없었던 일로 해버리는 게 속 편할 때가 있겠죠 잊는다는 게 왜 이리 힘들죠 함께했었던 그 시간 때문일까요 새로운 사람을 만나서 행복해지면 되는 간단한 일인데 왜 그리 어렵죠 잊는다는 게 이별이란 게 참 그래요 지키지 못한 약속들이 전부 내게 거짓말이 돼 버린단 게 내가 이기적인 게 돼버리니까 잊는다는 게 왜 이리 힘들죠 함께했었던 그 시간 때문일까요 새로운 사람을 만나서 행복해지면 되는 간단한 일인데 왜 그리 어렵죠 잊는다는 게 지금 생각나는 모든 것들이 어쩌면 다시는 또 오지 못할 기억에 묻힌 날들 행복했었던 날들 이젠 잊어야겠지 모두 잊어야겠지 가끔 생각이 날 때가 있겠죠 그댈 만나서 그 동안 행복했어요 새로운 사람을 만나도 그댄 잊지 말아요 이제는 끝인 게 왜 그리 어렵죠 왜 그리 힘들죠 잊는다는 게 ,29999,indifference
64,윤종신,말꼬리,2011-05-31,비는 오고 너는 가려 하고 내 마음 눅눅하게 잠기고 낡은 흑백영화 한 장면처럼 내 말은 자꾸 끊기고 사랑한 만큼 힘들었다고 사랑하기에 날 보낸다고 말도 안 되는 그 이별 핑계에  나의 대답을 원하니 너만큼 사랑하지 않았었나봐 나는 좀 덜 사랑해서  널 못 보내  가슴이 너무 좁아 떠나간 너의 행복 빌어줄  그런 드라마 같은  그런 속 깊은 사랑  내겐 없으니 사랑하면 내게 머물러줘 사랑하면 이별은 없는거야 너만큼 사랑하지 않았었나봐 나는 좀 덜 사랑해서  널 못 보내  가슴이 너무 좁아 떠나간 너의 행복 빌어줄  그런 드라마 같은  그런 속 깊은 사랑  내겐 없으니 우리의 사랑 바닥 보일 때까지 우리의 사랑  메말라 갈라질 때까지  다 쓰고 가 남은 사랑처럼 쓸모 없는 건  만들지 마요  손톱만큼의 작은 사랑도  내게 다 주고 가요 그러니까 이별은 없는거야 ,46043,indifference
65,정승환,숲으로 걷는다,2016-11-29,숲으로 걷는다 미안하단 말 대신 천천히 걷는다 기억의 너와 나란히 걷는다 아무 말 못하고 쳐다만 보는 널 뒤로 한 채 정신 없이 도망치는 철없던 내가 또 떠올라서 지우고 지워도 변한 게 없는 그때의 내 모습 숲으로 걷는다 내 빈 가슴을 채운다 천천히 걷는다 추억의 길을 혼자서 걷는다 이제 다 끝났어 혼자서 그렇게 말해본다 시간 속을 되 돌아가 달려가 꿈처럼 널 안고 싶지만 알아 너도 이제 다 잊었겠지 모든 게 변했지 숲으로 걷는다 보고 싶단 말 대신 천천히 걷는다 기억의 너와 나란히 걷는다 잊혀진 널 다시 만나러 ,7894,indifference
66,문빛,끝자락,2017-11-02,다 알고 있었어 저 별이 지고 나면 말이야 애써 아무렇지 않은 척 또 난 예전 같진 않았어 보고 싶다는 너의 말이 내가 알던 네 모습이 낯설게 느껴져 하루만 더 또 하루만 더 혹시나 한번 오늘 어쩌면 아무 말도 할 수 없었어 멈춰진 너의 오늘은 더 이상 내가 노력해도 변하지 않을 걸 알아 멀어지는 너의 손을 내가 잡아도 될까 네가 없이 견딜 수 있을까 예전 같진 않았어 사랑한다는 너의 말이 내가 알던 네 모습이 낯설게 느껴져 하루만 더 또 하루만 더 혹시나 한번 오늘 어쩌면 네가 돌아와 주길 아무 말도 할 수 없었어 멈춰진 너의 오늘은 더 이상 내가 노력해도 변하지 않을 걸 알아 멀어지는 너의 손을 내가 잡아도 될까 네가 없이 견딜 수 있을까 이제 와서 뭘 어떻게 할 수 있을까 미뤄둔 그 말을 오늘은 해야 할까 말할 수 있을까 아무 말도 할 수 없었어 남겨진 나의 내일은 더 이상 내가 노력해도 변하지 않을 걸 알아 멀어지는 너의 손을 내가 잡아도 될까 네가 없이 견딜 수 있을까 ,1773,indifference
67,드림캐쳐,괜찮아!,2017-07-27,아직도 난 길을 잃어서 어디로 갈지 몰라 조금도 나아지지가 않아 사실은 나 아직 어려서 모르겠어 지금도 어디쯤에 와있지 창 밖을 보니 날씨가 또 어두워진 탓에 괜히 생각이 더 많은 밤 저기 멀리 멀리 있는 곳에 조금씩 들려오는 느껴지는 빗소리 눈을 감고 나에게 말해줘 괜찮아 괜찮아 이렇게 So trust me 지치고 힘이 들 때면 마음은 답답해지고 쉽게 되는 건 또 하나 없는 것 같아 Oh 오랜만이야 나 여기 쉬었다 가 항상 바빴잖아 가끔씩은 숨을 돌려도 괜찮아 나가기도 싫은 날이야 그냥 내 방에 누워 창 밖을 보니 유난히 조용해진 골목 탓에 괜히 생각에 더 잠긴 밤 저기 멀리 멀리 있는 곳에 조금씩 들려오는 느껴지는 빗소리 눈을 감고 나에게 말해줘 괜찮아 괜찮아 이렇게 더 많이 웃을게 행복한 나를 지켜주고 싶어 저기 멀리 멀리 있는 곳에 조금씩 들려오는 느껴지는 빗소리 눈을 감고 나에게 말해줘 괜찮아 괜찮아 이렇게 So trust me ,4281,indifference
68,아이유,싫은 날,2013-12-20,키 큰 전봇대 조명 아래 나 혼자 집에 돌아가는 길 가기 싫다 쓸쓸한 대사 한 마디 점점 느려지는 발걸음 동네 몇 바퀴를 빙빙 돌다 결국 도착한 대문 앞에 서서 열쇠를 만지작 만지작 아무 소리도 없는 방 그 안에 난 외톨이 어딘가 불안해 TV 소리를 키워봐도 저 사람들은 왜 웃고 있는 거야 아주 깜깜한 비나 내렸음 좋겠네 좋겠네 텅 빈 놀이터 벤치에 누군가 다녀간 온기 왜 따뜻함이 날 더 춥게 만드는 거야 웅크린 어깨에 얼굴을 묻다가 주머니 속에 감춘 두 손이 시리네 어제보다 찬 바람이 불어 이불을 끌어당겨도 더 파고든 바람이 구석구석 춥게 만들어 전원이 꺼진 것 같은 기척도 없는 창 밖을 바라보며 의미 없는 숨을 쉬고 한 겨울보다 차가운 내 방 손 끝까지 시린 공기 봄이 오지 않으면 그게 차라리 나을까 내 방 고드름도 녹을까 햇볕 드는 좋은 날 오면은 ,49488,indifference
69,손동운,Decrescendo,2019-04-22,내게 주던 사랑이갈수록 익숙해져 편하게 생각했나 봐날 떠나 가벼워진 사랑은 이제야 겨우 떠올라 날카로운 말들로 서로 맘을 할퀴다 깎여버린 네 마음은 끝까지 아물지도 못 한 채 상처란 조각이 됐나 봐사랑 이상의 감정을 너라고 부르던 시간이 끝나면 어떻게 말해야 할지 몰라 이별이라 부르기로 했어 Decrescendo 무한하게 커져가던 사랑도 이별이란 두 글자에 갇혀 방향을 잃고 점점 여려져 귓가에 울리던 우리 노래는 들리지 않을 만큼 작아져 가닮아 가는 모습에 거울을 보는 것 같아널 보는게 좋았는데 사실은 그렇게 반대로만 바라보고 있었던 거야 이별은 갑작스레 다녀가고 그 자리에 남은 건너의 마지막 선물이라 생각해 추억이라 부르기로 했어 Decrescendo 무한하게 커져가던 사랑도 이별이란 두 글자에 갇혀 방향을 잃고 점점 여려져 귓가에 울리던 우리 노래는 들리지 않을 만큼 작아져 가 Decrescendo 무한하게 커져가던 사랑도 이별이란 두 글자에 갇혀 방향을 잃고 점점 여려져 귓가에 울리던 우리 노래는 들리지 않을 만큼 작아져 가,3906,indifference
70,홍민정,아마도 그건,2008-11-28,아마도 그건 사랑이었을거야 희미하게 떠오르는 기억이 이제야 그 마음을 알아버렸네 그대 눈에 비친 나의 모습을 아마도 그건 사랑이었을거야 돌아보면 아쉬운 그날들이 자꾸만 아픔으로 내게 찾아와 떨리는 가슴 나를 슬프게 하네 차가운 내 마음에 남은 너의 뒷모습 열린 문틈으로 너는 내게 다가 올 것 같아 한참을 멍하니 문만 바라보다 아침햇살에 눈을 뜨고 말았네 사랑 그것은 엇갈린 너와 나의 시간들 스산한 바람처럼 지나쳐갔네 사랑 그것은 알 수 없는 나의 그리움 남아 있는 나의 깊은 미련들 차가운 내 마음에 남은 너의 뒷모습 열린 문틈으로너는 내게 다가 올 것 같아 한참을 멍하니 문만 바라보다 아침햇살에 눈을 뜨고 말았네 사랑 그것은 엇갈린 너와 나의 시간들 스산한 바람처럼 지나쳐갔네 사랑 그것은 알 수 없는 나의 그리움 남아 있는 나의 깊은 미련들 사랑 그것은 엇갈린 너와 나의 시간들 스산한 바람처럼 지나쳐갔네 사랑 그것은 알 수 없는 나의 그리움 남아 있는 나의 깊은 미련들,27493,indifference
71,스윗소로우 (SWEET SORROW),서울은 비,2015-10-15,오늘 따라 내리는 이 비는 좀처럼 그치질 않네요 혹시 그대 있는 곳에도 지금처럼 비가 내리진 않을까요 아주 멀리 있어도 변하는 건없을 거야 우리 서로 향해 있다면 언제까지나 함께일 거야 그대 말했죠 또 내게 말했죠 기도처럼 그대가 그리워지면 너무 보고프면 나는 이렇게 아픈데 그대는 괜찮은가요 아무 말 없는 그대가 나는 겁이 나 서울은 비가 와 외로운 내 맘에 돌아와 돌아와 이 비가 그쳐가 그대 고운 얼굴을 그려도 그려도 보이질 않아요 달라지게 된 하루만큼 멀어짐은 어쩔 수는 없는 건가요 아주 멀리 있어도 변하는 건없을 거야 우리서로 향해 있다면 언제까지나 함께일 거야 그랬잖아요 그랬었잖아요 그대 내게 그대가 그리워지면 너무 보고프면 나는 이렇게 아픈데그 대는 괜찮은가요 아무 말 없는 그대가 나는 겁이 나 서울은 비가 와 외로운 내 맘에 돌아와 돌아와 이 비가 그쳐가,3226,indifference
72,멜로망스,그게 더 편할 것 같아 (N번째 연애 X 멜로망스),2021-11-26,너를 위해 해줬었던 말들은 부담을 줬고 네가 내게 해줬던 위로에 나 상처 입었죠 사랑이란 모든 것 주는 거라 너는 말했고 난 서로의 삶을 지키자 했었죠 이번 문제만 넘어가면 전보다 더 나아질 거라 생각했는데 같은 곳을 맴돌고 있었죠 이제는 안될 것 같아 더 이상 힘들 것 같아 날 지워가며 사랑하는 게 좀 더 내게 맞는 사람 찾아 만나는 날 사랑해보려 노력할 것 같아 익숙해져만 가는 서로의 불편함 속에서 이별의 시간은 다가오고 있었죠 사랑하니까 괜찮다고 이 정도면 충분하다고 우린 이겨낼 수 있다고 믿고 있었던 건 내 욕심이었죠 이제는 안될 것 같아 더 이상 힘들 것 같아 날 지워가며 사랑하는 게 좀 더 내게 맞는 사람 찾아 만나는 날 사랑해보려 노력할 것 같아 내가 원하는 사람과 사랑에 빠지게 되는 날 그 날을 기다렸는데 이젠 내게 맞는 사람과 사랑하려 노력하는 게 조금 더 편할 것 같아 그게 덜 아플 것 같아 날 지켜가며 사랑하는 게 좀 더 편하게 지낼 수 있는 그런 사랑하게 되는 게 뜨겁게 사랑했던 날보다 이젠 내게 더 편할 것 같아 ,36203,indifference
73,김필,다시 사랑한다면 (니글니글 버터플라이),2016-02-21,다시 태어난다면 다시 사랑한다면 그때는 우리 이러지 말아요 조금 덜 만나고 조금 덜 기대하며 많은 약속 않기로 해요 다시 이별이 와도 서로 큰 아픔 없이 돌아설 수 있을 만큼 버려도 되는 가벼운 추억만 서로의 가슴에 만들기로 해요 이젠 알아요 너무 깊은 사랑은 외려 슬픈 마지막을 가져 온다는 걸 그대여 빌게요 다음 번의 사랑은 우리 같지 않길 부디 아픔이 없이 나 꼭 나보다 더 행복해져야만 해 많은 시간이 흘러 서로 잊고 지내도 지난 날을 회상하며 그 때도 이건 사랑이었다고 말할 수 있다면 그걸로 된 거죠 이젠 알아요 너무 깊은 사랑은 외려 슬픈 마지막을 가져 온다는 걸 그대여 빌게요 다음 번의 사랑은 우리 같지 않길 부디 아픔이 없이 이젠 알아요 영원할 줄 알았던 그대와의 사랑마저 날 속였다는 게 그보다 슬픈 건 나 없이 그대가 행복하게 지낼 먼 훗날의 모습 나 내 마음을 하늘만은 알기를 ,81524,indifference
74,AKMU (악뮤),"어떻게 이별까지 사랑하겠어, 널 사랑하는 거지",2019-09-25,일부러 몇 발자국 물러나 내가 없이 혼자 걷는 널 바라본다 옆자리 허전한 너의 풍경 흑백 거리 가운데 넌 뒤돌아본다 그때 알게 되었어 난 널 떠날 수 없단 걸 우리 사이에 그 어떤 힘든 일도 이별보단 버틸 수 있는 것들이었죠 어떻게 이별까지 사랑하겠어 널 사랑하는 거지 사랑이라는 이유로 서로를 포기하고 찢어질 것같이 아파할 수 없어 난 두세 번 더 길을 돌아갈까 적막 짙은 도로 위에 걸음을 포갠다 아무 말 없는 대화 나누며 주마등이 길을 비춘 먼 곳을 본다 그때 알게 되었어 난 더 갈 수 없단 걸 한 발 한 발 이별에 가까워질수록 너와 맞잡은 손이 사라지는 것 같죠 어떻게 이별까지 사랑하겠어 널 사랑하는 거지 사랑이라는 이유로 서로를 포기하고 찢어질 것같이 아파할 수 없어 난 어떻게 내가 어떻게 너를 이후에 우리 바다처럼 깊은 사랑이 다 마를 때까지 기다리는 게 이별일 텐데 어떻게 내가 어떻게 너를 이후에 우리 바다처럼 깊은 사랑이 다 마를 때까지 기다리는 게 이별일 텐데 ,386623,indifference
75,#안녕,너의 번호를 누르고 (Prod. 영화처럼),2019-11-30,우연히 너를 만나서 너의 옆자리에 앉아 그렇게 우린 친해졌어 짧은 시간에 그렇게 가까워질 수 있다는게 그게 참 신기했어 소소한 일상부터 어린 시절 얘기 까지도 그리 똑같진 않아도 말이 참 잘 통해서 더 짧았던 거야 너의 번호를 누르고 설레임을 가득 채우다 너의 번호를 지우며 좋았던 시간을 덜어내 그때 난 왜 몰랐을까 이뤄질 수 없는 짧은 시간속의 우린 여기 까지인 가봐 어쩌다 먼 훗날에 그때 우리 약속 기억 날까 아쉬움만 가득했던 그때 난 왜 그랬을까 너의 번호를 누르고 설레임을 가득 채우다 너의 번호를 지우며 좋았던 시간을 덜어내 그때 난 왜 몰랐을까 이뤄질 수 없는 짧은 시간속의 우린 여기까지인 가봐 아무일 없이 살다보면 모두 잊혀질거라 또 맘을 속이고 달래도 자꾸만 그 때 니가 생각나 또 너를 부르게 돼 너의 번호를 누르고 설레임을 가득 채우다 너의 번호를 지우며 좋았던 시간을 덜어내 그때 난 왜 몰랐을까 이뤄질 수 없는 짧은 시간속의 스쳐가버린 그 때 그 시절 속의 우린 여기까지인 가봐 ,109930,indifference
76,부활,Never Ending Story,2002-09-01,손 닿을 수 없는 저기 어딘가 오늘도 난 숨쉬고 있지만 너와 머물던 작은 의자 위에 같은 모습의 바람이 지나네... 너는 떠나며 마치 날 떠나가듯이 멀리 손을 흔들며 언젠가 추억에 남겨져 갈 꺼라고 그리워하면 언젠가 만나게 되는 어느 영화와 같은 일들이 이뤄져 가기를... 힘겨워 한 날의 너를 지킬 수 없었던 아름다운 시절속에 머문 그대 이기에 너는 떠나며 마치 날 떠나가듯이 멀리 손을 흔들며 언젠가 추억에 남겨져 갈 꺼라고 그리워하면 언젠가 만나게 되는 어느 영화와 같은 일들이 이뤄져 가기를... 힘겨워 한 날의 너를 지킬 수 없었던 아름다운 시절속에 머문 그대여 그리워하면 언젠가 만나게 되는 어느 영화와 같은 일들이 이뤄져 가기를... 힘겨워 한 날의 너를 지킬수 없었던 아름다운 시절속에 머문 그대여 그리워하면 언젠가 만나게 되는 어느 영화와 같은 일들이 이뤄져 가기를... 힘겨워 한 날의 너를 지킬 수 없었던 아름다운 시절속에 머문 그대이기에... ,70543,indifference
77,Chocolat.D (쇼콜라디),그날에 우리,2016-02-05,그날에 우리 예감했었지 끊어질 것 같은 우리의 사랑 차마 말하지 못했지 마지막 그 말 우리 그만 헤어져 말하지 못할 뿐 사실 우린 이미 알고 있잖아 이제는 끝이란 걸 알아 그 좋았던 우리의 추억도 여기에서 끝낼까 그날에 우리 이별을 했고 무뎌진 맘이 슬픔을 감추려 했지 우리의 사랑 서로를 달래며 뒤돌아 걷지 아무 일 없듯 우리 그날에 우리 말하지 못할 뿐 사실 우린 이미 알고 있잖아 이제는 끝이란 걸 알아 그 좋았던 우리의 추억도 여기에서 끝낼까 그날에 우리 이별을 했고 무뎌진 맘이 슬픔을 감추려 했지 우리의 사랑 서로를 달래며 뒤돌아 걷지 아무 일 없듯 우리 그날에 우리 이별을 했고 무뎌진 맘이 슬픔을 감추려 했지 우리의 사랑 서로를 달래며 뒤돌아 걷지 아무 일 없듯 우리 그날에 우리 ,61,indifference
78,정승수,되돌릴 수 없는 이별을 해,2021-01-10,혼자 집에 걸어가는 길이 어색해 우리 예전처럼 함께 걷던 그 날이 무색해질 만큼 변한 걸까 그게 어제처럼 선명한데 어느새 우린 멀어져 가는 걸까 혼잣말로 버릇처럼 건넨 인사에 아무 대답 없는 거릴 걷다 불어온 차가운 공기에 수없이 흔들리던 맘 이젠 견딜 수가 없을 만큼 아파서 되돌릴 수 없는 이별을 해 이젠 끝난 거잖아 서로 다른 길을 걷잖아 그게 이별이잖아 아무것도 아닌 게 될까 봐 너를 놓아주려 해 근데 그게 맘처럼 쉽게 되지가 않아서 어디서부터 놓아줘야 우리 아름다운 이별을 준비할 수 있을까 하루 종일 이별 앞에 서서 생각해 아직 모든 게 난 두려운데 이런 게 마지막인가 봐 그때는 당연했던 게 나 이젠 혼자 견뎌야 한다는 게 더 아프잖아 되돌릴 수 없는 이별을 해 이젠 끝난 거잖아 다시 오지 않을 너라는 걸 잘 알고 있잖아 이렇게 우리 헤어지면 다시 아름다운 인연을 준비할 수 있을까 끝난 걸 알면서도 나는 널 보고 싶어서 더 미칠 것 같아 혹시라도 우리 마주치면 그냥 모른척해 줘 그래야 내가 널 잊고 살 수 있을 것 같아서 이렇게 우리 헤어져야 다시 아름다운 인연을 준비할 수 있겠지 우리 이제는 되돌릴 수 없잖아 ,878,indifference
79,펀치 (Punch),헤어지는 중,2018-09-12,나를 사랑하나요 같은 곳을 보나요 이미 알고 있어요 아닌 걸 알죠 배우지 않았어도 이별은 알 수 있죠 사랑은 늘 더딘데 이별은 서둘러 오네요 너와 사랑했던 이 거리가 나를 눈물짓게 만들어 더 사랑한 사람이 원래 더 아파 노래처럼 다신 누구도 사랑하지마 결국 나만큼 아플테니 그땐 내가 없어 이젠 끝이야 안녕 찬 바람이 불어와 코 끝이 붉어지면 슬픈 노래를 불러 내가 젤 잘하는 거니까 내게 혼자 하는 사랑이란 나를 더 아프게 만들죠 이젠 내게 솔직해져야 해 끝내 난 너에게 슬픈 안녕을 말해야겠어 너를 그 자리에 두고서 나의 사랑 안녕 이젠 그대여 안녕 다시 돌아오지는마 같은 상처를 받기 너무 두려우니까 널 여전히 사랑해 가끔 널 생각해 생각해 우연히 만나면 그냥 모른 척 지나가줄래 나도 널 지운 척 할테니 이미 끝난 사랑 다시 안할래 안녕 ,125919,indifference
